source,passtime,time,mode,vbatt,ibatt,ibus3v3,ibus5v0,comm_temp,eps_temp,batt_temp,power,service_e,service_r,byline
aalto,2017-05-18T00:21:00Z,2000-10-30T21:05:31Z,0,8.100,0.094,0.125,0.000,-15.000,2.250,4.000,0x00,0x00,0x00,~OPEN COSMOS~
aalto,2017-05-18T00:21:00Z,2000-10-30T21:05:41Z,0,8.100,0.094,0.125,0.000,-15.000,2.250,4.000,0x00,0x00,0x00,~OPEN COSMOS~
aalto,2017-05-18T00:21:00Z,2000-10-30T21:05:51Z,0,8.100,0.094,0.125,0.000,-15.000,2.250,4.000,0x00,0x00,0x00,~OPEN COSMOS~
aalto,2017-05-18T00:21:00Z,2000-10-30T21:06:01Z,0,8.100,0.094,0.125,0.000,-15.000,2.250,4.000,0x00,0x00,0x00,~OPEN COSMOS~
aalto,2017-05-18T00:21:00Z,2000-10-30T21:06:11Z,0,8.100,0.094,0.125,0.000,-15.000,2.250,4.000,0x00,0x00,0x00,~OPEN COSMOS~
aalto,2017-05-18T00:21:00Z,2000-10-30T21:06:31Z,0,8.100,0.094,0.125,0.000,-15.000,2.250,4.000,0x00,0x00,0x00,~OPEN COSMOS~
aalto,2017-05-18T00:21:00Z,2000-10-30T21:07:01Z,0,8.150,0.094,0.125,0.000,-15.000,2.000,4.000,0x00,0x00,0x00,~OPEN COSMOS~
aalto,2017-05-18T00:21:00Z,2000-10-30T21:07:11Z,0,8.150,0.094,0.125,0.000,-15.000,1.500,4.000,0x00,0x00,0x00,~OPEN COSMOS~
aalto,2017-05-18T00:21:00Z,2000-10-30T21:07:21Z,0,8.200,0.094,0.125,0.000,-15.000,1.500,4.000,0x00,0x00,0x00,~OPEN COSMOS~
aalto,2017-05-18T00:21:00Z,2000-10-30T21:07:41Z,0,8.200,0.094,0.125,0.000,-15.000,1.500,3.000,0x00,0x00,0x00,~OPEN COSMOS~
aalto,2017-05-18T00:21:00Z,2000-10-30T21:07:51Z,0,8.150,0.094,0.125,0.000,-15.000,1.500,3.000,0x00,0x00,0x00,~OPEN COSMOS~
aalto,2017-05-18T00:21:00Z,2000-10-30T21:08:01Z,0,8.150,0.094,0.125,0.000,-15.000,1.500,3.000,0x00,0x00,0x00,~OPEN COSMOS~
aalto,2017-05-18T00:21:00Z,2000-10-30T21:08:11Z,0,8.200,0.094,0.125,0.000,-15.000,1.500,3.000,0x00,0x00,0x00,~OPEN COSMOS~
aalto,2017-05-18T00:21:00Z,2000-10-30T21:08:31Z,0,8.250,0.094,0.125,0.000,-15.000,1.500,3.000,0x00,0x00,0x00,~OPEN COSMOS~
aalto,2017-05-18T00:21:00Z,2000-10-30T21:08:41Z,0,8.200,0.094,0.125,0.000,-15.000,1.500,3.000,0x00,0x00,0x00,~OPEN COSMOS~
aalto,2017-05-18T00:21:00Z,2000-10-30T21:11:41Z,0,8.250,0.094,0.125,0.000,-15.000,0.500,2.000,0x00,0x00,0x00,~OPEN COSMOS~
aalto,2017-05-18T00:21:00Z,2000-10-30T21:11:51Z,0,8.200,0.094,0.125,0.000,-15.000,0.500,2.000,0x00,0x00,0x00,~OPEN COSMOS~
aalto,2017-05-18T00:21:00Z,2000-10-30T21:12:31Z,0,8.250,0.094,0.125,0.000,-15.000,0.500,2.000,0x00,0x00,0x00,~OPEN COSMOS~
aalto,2017-05-18T03:56:00Z,2000-10-30T22:41:01Z,0,8.250,0.094,0.125,0.000,-15.000,1.500,3.000,0x00,0x00,0x00,~OPEN COSMOS~
aalto,2017-05-18T03:56:00Z,2000-10-30T22:41:11Z,0,8.250,0.094,0.125,0.000,-15.000,1.500,3.000,0x00,0x00,0x00,~OPEN COSMOS~
japan,2017-05-17T13:29:00Z,2000-10-30T10:13:11Z,0,8.150,0.094,0.125,0.000,-15.000,6.000,8.000,0x00,0x00,0x00,~OPEN COSMOS~
japan,2017-05-17T13:29:00Z,2000-10-30T10:13:21Z,0,8.150,0.094,0.150,0.000,-15.000,6.000,8.000,0x00,0x00,0x00,~OPEN COSMOS~
japan,2017-05-17T13:29:00Z,2000-10-30T10:13:31Z,0,8.150,0.094,0.125,0.000,-15.000,6.000,7.000,0x00,0x00,0x00,~OPEN COSMOS~
japan,2017-05-17T13:29:00Z,2000-10-30T10:13:41Z,0,8.150,0.094,0.125,0.000,-15.000,5.500,7.000,0x00,0x00,0x00,~OPEN COSMOS~
japan,2017-05-17T13:29:00Z,2000-10-30T10:13:51Z,0,8.150,0.094,0.125,0.000,-15.000,5.250,7.000,0x00,0x00,0x00,~OPEN COSMOS~
japan,2017-05-17T13:29:00Z,2000-10-30T10:14:01Z,0,8.150,0.094,0.125,0.000,-15.000,5.250,7.000,0x00,0x00,0x00,~OPEN COSMOS~
japan,2017-05-17T13:29:00Z,2000-10-30T10:14:11Z,0,8.150,0.094,0.125,0.000,-15.000,5.250,7.000,0x00,0x00,0x00,~OPEN COSMOS~
japan,2017-05-17T13:29:00Z,2000-10-30T10:14:21Z,0,8.150,0.094,0.125,0.000,-15.000,5.250,7.000,0x00,0x00,0x00,~OPEN COSMOS~
japan,2017-05-17T13:29:00Z,2000-10-30T10:14:31Z,0,8.150,0.094,0.125,0.000,-15.000,5.250,7.000,0x00,0x00,0x00,~OPEN COSMOS~
japan,2017-05-17T21:34:00Z,2000-10-30T18:19:01Z,0,8.250,0.094,0.125,0.000,-15.000,3.250,4.000,0x00,0x00,0x00,~OPEN COSMOS~
japan,2017-05-17T21:34:00Z,2000-10-30T18:19:11Z,0,8.250,0.094,0.125,0.000,-15.000,3.250,4.000,0x00,0x00,0x00,~OPEN COSMOS~
japan,2017-05-17T21:34:00Z,2000-10-30T18:19:31Z,0,8.250,0.094,0.125,0.000,-15.000,3.250,4.000,0x00,0x00,0x00,~OPEN COSMOS~
japan,2017-05-17T21:34:00Z,2000-10-30T18:19:41Z,0,8.200,0.094,0.125,0.000,-15.000,3.250,4.000,0x00,0x00,0x00,~OPEN COSMOS~
japan,2017-05-17T21:34:00Z,2000-10-30T18:19:51Z,0,8.200,0.094,0.125,0.000,-15.000,3.250,4.000,0x00,0x00,0x00,~OPEN COSMOS~
japan,2017-05-17T21:34:00Z,2000-10-30T18:20:01Z,0,8.200,0.094,0.125,0.000,-15.000,3.250,4.000,0x00,0x00,0x00,~OPEN COSMOS~
japan,2017-05-17T21:34:00Z,2000-10-30T18:20:11Z,0,8.300,0.094,0.125,0.000,-15.000,3.250,4.000,0x00,0x00,0x00,~OPEN COSMOS~
japan,2017-05-17T21:34:00Z,2000-10-30T18:20:21Z,0,8.250,0.094,0.125,0.000,-15.000,3.250,4.000,0x00,0x00,0x00,~OPEN COSMOS~
japan,2017-05-17T21:34:00Z,2000-10-30T18:20:31Z,0,8.250,0.094,0.125,0.000,-15.000,3.250,4.000,0x00,0x00,0x00,~OPEN COSMOS~
japan,2017-05-17T21:34:00Z,2000-10-30T18:20:41Z,0,8.200,0.094,0.125,0.000,-15.000,3.500,4.000,0x00,0x00,0x00,~OPEN COSMOS~
japan,2017-05-17T21:34:00Z,2000-10-30T18:20:51Z,0,8.250,0.094,0.125,0.000,-15.000,3.500,4.000,0x00,0x00,0x00,~OPEN COSMOS~
japan,2017-05-17T21:34:00Z,2000-10-30T18:21:01Z,0,8.300,0.094,0.125,0.000,-15.000,3.500,4.000,0x00,0x00,0x00,~OPEN COSMOS~
japan,2017-05-17T21:34:00Z,2000-10-30T18:21:11Z,0,8.250,0.094,0.125,0.000,-15.000,4.000,4.000,0x00,0x00,0x00,~OPEN COSMOS~
japan,2017-05-17T21:34:00Z,2000-10-30T18:21:21Z,0,8.250,0.094,0.125,0.000,-15.000,4.000,4.000,0x00,0x00,0x00,~OPEN COSMOS~
japan,2017-05-17T21:34:00Z,2000-10-30T18:21:31Z,0,8.250,0.094,0.125,0.000,-15.000,4.000,4.000,0x00,0x00,0x00,~OPEN COSMOS~
japan,2017-05-17T21:34:00Z,2000-10-30T18:21:41Z,0,8.300,0.094,0.125,0.000,-15.000,4.000,4.000,0x00,0x00,0x00,~OPEN COSMOS~
tartu,2017-05-17T06:34:00Z,2000-10-30T01:12:21Z,0,8.150,0.094,0.125,0.000,-15.000,3.250,4.000,0x00,0x00,0x00,~OPEN COSMOS~
tartu,2017-05-17T06:34:00Z,2000-10-30T01:12:31Z,0,8.150,0.094,0.125,0.000,-15.000,3.250,4.000,0x00,0x00,0x00,~OPEN COSMOS~
tartu,2017-05-17T06:34:00Z,2000-10-30T01:12:41Z,0,8.200,0.094,0.125,0.000,-15.000,3.250,4.000,0x00,0x00,0x00,~OPEN COSMOS~
tartu,2017-05-17T06:34:00Z,2000-10-30T01:12:51Z,0,8.150,0.094,0.125,0.000,-15.000,3.500,4.000,0x00,0x00,0x00,~OPEN COSMOS~
tartu,2017-05-17T06:34:00Z,2000-10-30T01:13:11Z,0,8.150,0.094,0.125,0.000,-15.000,3.500,4.000,0x00,0x00,0x00,~OPEN COSMOS~
tartu,2017-05-17T06:34:00Z,2000-10-30T01:13:21Z,0,8.200,0.094,0.125,0.000,-15.000,3.250,4.000,0x00,0x00,0x00,~OPEN COSMOS~
tartu,2017-05-17T06:34:00Z,2000-10-30T01:13:31Z,0,8.200,0.094,0.125,0.000,-15.000,3.500,4.000,0x00,0x00,0x00,~OPEN COSMOS~
tartu,2017-05-17T06:34:00Z,2000-10-30T01:13:51Z,0,8.200,0.094,0.125,0.000,-15.000,3.500,4.000,0x00,0x00,0x00,~OPEN COSMOS~
tartu,2017-05-17T06:34:00Z,2000-10-30T01:14:11Z,0,8.200,0.094,0.125,0.000,-15.000,3.500,4.000,0x00,0x00,0x00,~OPEN COSMOS~
tartu,2017-05-17T06:34:00Z,2000-10-30T01:14:21Z,0,8.150,0.094,0.125,0.000,-15.000,3.500,4.000,0x00,0x00,0x00,~OPEN COSMOS~
tartu,2017-05-17T06:34:00Z,2000-10-30T01:14:31Z,0,8.200,0.094,0.125,0.000,-15.000,3.500,4.000,0x00,0x00,0x00,~OPEN COSMOS~
tartu,2017-05-17T06:34:00Z,2000-10-30T01:14:41Z,0,8.250,0.094,0.125,0.000,-15.000,3.500,4.000,0x00,0x00,0x00,~OPEN COSMOS~
tartu,2017-05-17T06:34:00Z,2000-10-30T01:15:01Z,0,8.150,0.094,0.125,0.000,-15.000,3.500,4.000,0x00,0x00,0x00,~OPEN COSMOS~
tartu,2017-05-17T06:34:00Z,2000-10-30T01:15:11Z,0,8.200,0.094,0.125,0.000,-15.000,3.500,4.000,0x00,0x00,0x00,~OPEN COSMOS~
tartu,2017-05-17T06:34:00Z,2000-10-30T01:15:21Z,0,8.250,0.094,0.125,0.000,-15.000,4.000,4.000,0x00,0x00,0x00,~OPEN COSMOS~
tartu,2017-05-17T06:34:00Z,2000-10-30T01:15:31Z,0,8.100,0.126,0.125,0.000,-15.000,4.000,4.000,0x00,0x00,0x00,~OPEN COSMOS~
tartu,2017-05-17T06:34:00Z,2000-10-30T01:15:51Z,0,8.100,0.126,0.125,0.000,-15.000,4.000,4.000,0x00,0x00,0x00,~OPEN COSMOS~
tartu,2017-05-17T06:34:00Z,2000-10-30T01:16:11Z,0,8.200,0.094,0.125,0.000,-15.000,4.000,4.000,0x00,0x00,0x00,~OPEN COSMOS~
tartu,2017-05-17T06:34:00Z,2000-10-30T01:10:41Z,0,8.050,0.472,0.125,0.000,-15.000,2.500,4.000,0x00,0x00,0x00,~OPEN COSMOS~
tartu,2017-05-17T06:34:00Z,2000-10-30T01:10:51Z,0,8.100,0.472,0.125,0.000,-15.000,3.000,4.000,0x00,0x00,0x00,~OPEN COSMOS~
tartu,2017-05-17T06:34:00Z,2000-10-30T01:11:01Z,0,8.100,0.472,0.125,0.000,-15.000,3.000,4.000,0x00,0x00,0x00,~OPEN COSMOS~
tartu,2017-05-17T06:34:00Z,2000-10-30T01:11:21Z,0,8.150,0.094,0.125,0.000,-15.000,3.000,5.000,0x00,0x00,0x00,~OPEN COSMOS~
tartu,2017-05-17T06:34:00Z,2000-10-30T01:11:41Z,0,8.200,0.094,0.125,0.000,-15.000,3.250,5.000,0x00,0x00,0x00,~OPEN COSMOS~
tartu,2017-05-17T06:34:00Z,2000-10-30T01:11:51Z,0,8.150,0.094,0.125,0.000,-15.000,3.250,5.000,0x00,0x00,0x00,~OPEN COSMOS~
tartu,2017-05-17T06:34:00Z,2000-10-30T01:12:01Z,0,8.150,0.094,0.125,0.000,-15.000,3.250,5.000,0x00,0x00,0x00,~OPEN COSMOS~
tartu,2017-05-17T06:34:00Z,2000-10-30T01:12:11Z,0,8.100,0.094,0.125,0.000,-15.000,3.250,4.000,0x00,0x00,0x00,~OPEN COSMOS~
tartu,2017-05-17T06:34:00Z,2000-10-30T01:12:21Z,0,8.150,0.094,0.125,0.000,-15.000,3.250,4.000,0x00,0x00,0x00,~OPEN COSMOS~
tartu,2017-05-17T06:34:00Z,2000-10-30T01:12:31Z,0,8.150,0.094,0.125,0.000,-15.000,3.250,4.000,0x00,0x00,0x00,~OPEN COSMOS~
tartu,2017-05-17T06:34:00Z,2000-10-30T01:12:41Z,0,8.200,0.094,0.125,0.000,-15.000,3.250,4.000,0x00,0x00,0x00,~OPEN COSMOS~
tartu,2017-05-17T06:34:00Z,2000-10-30T01:12:51Z,0,8.150,0.094,0.125,0.000,-15.000,3.500,4.000,0x00,0x00,0x00,~OPEN COSMOS~
tartu,2017-05-17T06:34:00Z,2000-10-30T01:13:11Z,0,8.150,0.094,0.125,0.000,-15.000,3.500,4.000,0x00,0x00,0x00,~OPEN COSMOS~
tartu,2017-05-17T06:34:00Z,2000-10-30T01:13:21Z,0,8.200,0.094,0.125,0.000,-15.000,3.250,4.000,0x00,0x00,0x00,~OPEN COSMOS~
tartu,2017-05-17T06:34:00Z,2000-10-30T01:13:31Z,0,8.200,0.094,0.125,0.000,-15.000,3.500,4.000,0x00,0x00,0x00,~OPEN COSMOS~
tartu,2017-05-17T06:34:00Z,2000-10-30T01:13:51Z,0,8.200,0.094,0.125,0.000,-15.000,3.500,4.000,0x00,0x00,0x00,~OPEN COSMOS~
tartu,2017-05-17T06:34:00Z,2000-10-30T01:14:11Z,0,8.200,0.094,0.125,0.000,-15.000,3.500,4.000,0x00,0x00,0x00,~OPEN COSMOS~
tartu,2017-05-17T06:34:00Z,2000-10-30T01:14:21Z,0,8.150,0.094,0.125,0.000,-15.000,3.500,4.000,0x00,0x00,0x00,~OPEN COSMOS~
tartu,2017-05-17T06:34:00Z,2000-10-30T01:14:31Z,0,8.200,0.094,0.125,0.000,-15.000,3.500,4.000,0x00,0x00,0x00,~OPEN COSMOS~
tartu,2017-05-17T06:34:00Z,2000-10-30T01:14:41Z,0,8.250,0.094,0.125,0.000,-15.000,3.500,4.000,0x00,0x00,0x00,~OPEN COSMOS~
tartu,2017-05-17T06:34:00Z,2000-10-30T01:15:01Z,0,8.150,0.094,0.125,0.000,-15.000,3.500,4.000,0x00,0x00,0x00,~OPEN COSMOS~
tartu,2017-05-17T06:34:00Z,2000-10-30T01:15:11Z,0,8.200,0.094,0.125,0.000,-15.000,3.500,4.000,0x00,0x00,0x00,~OPEN COSMOS~
tartu,2017-05-17T06:34:00Z,2000-10-30T01:15:21Z,0,8.250,0.094,0.125,0.000,-15.000,4.000,4.000,0x00,0x00,0x00,~OPEN COSMOS~
tartu,2017-05-17T06:34:00Z,2000-10-30T01:15:31Z,0,8.100,0.126,0.125,0.000,-15.000,4.000,4.000,0x00,0x00,0x00,~OPEN COSMOS~
tartu,2017-05-17T06:34:00Z,2000-10-30T01:15:51Z,0,8.100,0.126,0.125,0.000,-15.000,4.000,4.000,0x00,0x00,0x00,~OPEN COSMOS~
tartu,2017-05-17T06:34:00Z,2000-10-30T01:16:11Z,0,8.200,0.094,0.125,0.000,-15.000,4.000,4.000,0x00,0x00,0x00,~OPEN COSMOS~
tartu,2017-05-17T06:34:00Z,2000-10-30T01:16:31Z,0,8.250,0.094,0.125,0.000,-15.000,4.000,4.000,0x00,0x00,0x00,~OPEN COSMOS~
tartu,2017-05-17T06:34:00Z,2000-10-30T01:16:41Z,0,8.200,0.094,0.125,0.000,-15.000,4.000,4.000,0x00,0x00,0x00,~OPEN COSMOS~
tartu,2017-05-17T06:34:00Z,2000-10-30T01:16:51Z,0,8.200,0.094,0.125,0.000,-15.000,3.500,3.000,0x00,0x00,0x00,~OPEN COSMOS~
tartu,2017-05-17T06:34:00Z,2000-10-30T01:17:11Z,0,8.200,0.094,0.125,0.000,-15.000,3.500,3.000,0x00,0x00,0x00,~OPEN COSMOS~
tartu,2017-05-17T06:34:00Z,2000-10-30T01:17:21Z,0,8.150,0.094,0.125,0.000,-15.000,3.500,3.000,0x00,0x00,0x00,~OPEN COSMOS~
tartu,2017-05-17T06:34:00Z,2000-10-30T01:09:51Z,0,8.000,0.472,0.125,0.000,-15.000,2.000,4.000,0x00,0x00,0x00,~OPEN COSMOS~
tartu,2017-05-17T06:34:00Z,2000-10-30T01:10:11Z,0,8.050,0.472,0.125,0.000,-15.000,2.250,4.000,0x00,0x00,0x00,~OPEN COSMOS~
tartu,2017-05-17T06:34:00Z,2000-10-30T01:10:41Z,0,8.050,0.472,0.125,0.000,-15.000,2.500,4.000,0x00,0x00,0x00,~OPEN COSMOS~
tartu,2017-05-17T06:34:00Z,2000-10-30T01:10:51Z,0,8.100,0.472,0.125,0.000,-15.000,3.000,4.000,0x00,0x00,0x00,~OPEN COSMOS~
tartu,2017-05-17T06:34:00Z,2000-10-30T01:11:01Z,0,8.100,0.472,0.125,0.000,-15.000,3.000,4.000,0x00,0x00,0x00,~OPEN COSMOS~
tartu,2017-05-17T06:34:00Z,2000-10-30T01:11:21Z,0,8.150,0.094,0.125,0.000,-15.000,3.000,5.000,0x00,0x00,0x00,~OPEN COSMOS~
tartu,2017-05-17T06:34:00Z,2000-10-30T01:11:41Z,0,8.200,0.094,0.125,0.000,-15.000,3.250,5.000,0x00,0x00,0x00,~OPEN COSMOS~
tartu,2017-05-17T06:34:00Z,2000-10-30T01:11:51Z,0,8.150,0.094,0.125,0.000,-15.000,3.250,5.000,0x00,0x00,0x00,~OPEN COSMOS~
tartu,2017-05-17T06:34:00Z,2000-10-30T01:12:01Z,0,8.150,0.094,0.125,0.000,-15.000,3.250,5.000,0x00,0x00,0x00,~OPEN COSMOS~
tartu,2017-05-17T06:34:00Z,2000-10-30T01:12:11Z,0,8.100,0.094,0.125,0.000,-15.000,3.250,4.000,0x00,0x00,0x00,~OPEN COSMOS~
tartu,2017-05-17T06:34:00Z,2000-10-30T01:12:21Z,0,8.150,0.094,0.125,0.000,-15.000,3.250,4.000,0x00,0x00,0x00,~OPEN COSMOS~
tartu,2017-05-17T06:34:00Z,2000-10-30T01:12:31Z,0,8.150,0.094,0.125,0.000,-15.000,3.250,4.000,0x00,0x00,0x00,~OPEN COSMOS~
tartu,2017-05-17T06:34:00Z,2000-10-30T01:12:41Z,0,8.200,0.094,0.125,0.000,-15.000,3.250,4.000,0x00,0x00,0x00,~OPEN COSMOS~
tartu,2017-05-17T06:34:00Z,2000-10-30T01:12:51Z,0,8.150,0.094,0.125,0.000,-15.000,3.500,4.000,0x00,0x00,0x00,~OPEN COSMOS~
tartu,2017-05-17T06:34:00Z,2000-10-30T01:13:11Z,0,8.150,0.094,0.125,0.000,-15.000,3.500,4.000,0x00,0x00,0x00,~OPEN COSMOS~
tartu,2017-05-17T06:34:00Z,2000-10-30T01:13:21Z,0,8.200,0.094,0.125,0.000,-15.000,3.250,4.000,0x00,0x00,0x00,~OPEN COSMOS~
tartu,2017-05-17T06:34:00Z,2000-10-30T01:13:31Z,0,8.200,0.094,0.125,0.000,-15.000,3.500,4.000,0x00,0x00,0x00,~OPEN COSMOS~
tartu,2017-05-17T06:34:00Z,2000-10-30T01:13:51Z,0,8.200,0.094,0.125,0.000,-15.000,3.500,4.000,0x00,0x00,0x00,~OPEN COSMOS~
tartu,2017-05-17T06:34:00Z,2000-10-30T01:14:11Z,0,8.200,0.094,0.125,0.000,-15.000,3.500,4.000,0x00,0x00,0x00,~OPEN COSMOS~
tartu,2017-05-17T06:34:00Z,2000-10-30T01:14:21Z,0,8.150,0.094,0.125,0.000,-15.000,3.500,4.000,0x00,0x00,0x00,~OPEN COSMOS~
tartu,2017-05-17T06:34:00Z,2000-10-30T01:14:31Z,0,8.200,0.094,0.125,0.000,-15.000,3.500,4.000,0x00,0x00,0x00,~OPEN COSMOS~
tartu,2017-05-17T06:34:00Z,2000-10-30T01:14:41Z,0,8.250,0.094,0.125,0.000,-15.000,3.500,4.000,0x00,0x00,0x00,~OPEN COSMOS~
tartu,2017-05-17T06:34:00Z,2000-10-30T01:15:01Z,0,8.150,0.094,0.125,0.000,-15.000,3.500,4.000,0x00,0x00,0x00,~OPEN COSMOS~
tartu,2017-05-17T06:34:00Z,2000-10-30T01:15:21Z,0,8.250,0.094,0.125,0.000,-15.000,4.000,4.000,0x00,0x00,0x00,~OPEN COSMOS~
tartu,2017-05-17T06:34:00Z,2000-10-30T01:15:31Z,0,8.100,0.126,0.125,0.000,-15.000,4.000,4.000,0x00,0x00,0x00,~OPEN COSMOS~
tartu,2017-05-17T06:34:00Z,2000-10-30T01:15:51Z,0,8.100,0.126,0.125,0.000,-15.000,4.000,4.000,0x00,0x00,0x00,~OPEN COSMOS~
tartu,2017-05-17T06:34:00Z,2000-10-30T01:16:11Z,0,8.200,0.094,0.125,0.000,-15.000,4.000,4.000,0x00,0x00,0x00,~OPEN COSMOS~
tartu,2017-05-17T06:34:00Z,2000-10-30T01:16:31Z,0,8.250,0.094,0.125,0.000,-15.000,4.000,4.000,0x00,0x00,0x00,~OPEN COSMOS~
tartu,2017-05-17T06:34:00Z,2000-10-30T01:16:41Z,0,8.200,0.094,0.125,0.000,-15.000,4.000,4.000,0x00,0x00,0x00,~OPEN COSMOS~
tartu,2017-05-17T06:34:00Z,2000-10-30T01:16:51Z,0,8.200,0.094,0.125,0.000,-15.000,3.500,3.000,0x00,0x00,0x00,~OPEN COSMOS~
tartu,2017-05-17T06:34:00Z,2000-10-30T01:17:11Z,0,8.200,0.094,0.125,0.000,-15.000,3.500,3.000,0x00,0x00,0x00,~OPEN COSMOS~
tartu,2017-05-17T06:34:00Z,2000-10-30T01:17:21Z,0,8.150,0.094,0.125,0.000,-15.000,3.500,3.000,0x00,0x00,0x00,~OPEN COSMOS~
tartu,2017-05-17T13:59:00Z,2000-10-30T17:56:41Z,0,8.150,0.094,0.125,0.000,-15.000,3.000,5.000,0x00,0x00,0x00,~OPEN COSMOS~
tartu,2017-05-17T13:59:00Z,2000-10-30T17:56:51Z,0,8.150,0.094,0.125,0.000,-15.000,3.000,4.000,0x00,0x00,0x00,~OPEN COSMOS~
tartu,2017-05-17T13:59:00Z,2000-10-30T17:57:01Z,0,8.150,0.094,0.125,0.000,-15.000,2.250,4.000,0x00,0x00,0x00,~OPEN COSMOS~
tartu,2017-05-17T13:59:00Z,2000-10-30T17:57:21Z,0,8.150,0.094,0.125,0.000,-15.000,2.250,4.000,0x00,0x00,0x00,~OPEN COSMOS~
tartu,2017-05-17T13:59:00Z,2000-10-30T17:57:31Z,0,8.150,0.094,0.125,0.000,-15.000,2.250,4.000,0x00,0x00,0x00,~OPEN COSMOS~
tartu,2017-05-17T13:59:00Z,2000-10-30T17:57:51Z,0,8.150,0.094,0.125,0.000,-15.000,2.250,4.000,0x00,0x00,0x00,~OPEN COSMOS~
tartu,2017-05-17T13:59:00Z,2000-10-30T17:58:01Z,0,8.150,0.094,0.125,0.000,-15.000,2.000,4.000,0x00,0x00,0x00,~OPEN COSMOS~
tartu,2017-05-17T13:59:00Z,2000-10-30T17:58:11Z,0,8.150,0.094,0.125,0.000,-15.000,2.000,4.000,0x00,0x00,0x00,~OPEN COSMOS~
tartu,2017-05-17T13:59:00Z,2000-10-30T17:58:31Z,0,8.150,0.094,0.125,0.000,-15.000,2.000,4.000,0x00,0x00,0x00,~OPEN COSMOS~
tartu,2017-05-17T13:59:00Z,2000-10-30T17:58:41Z,0,8.150,0.094,0.125,0.000,-15.000,2.000,4.000,0x00,0x00,0x00,~OPEN COSMOS~
tartu,2017-05-17T13:59:00Z,2000-10-30T17:59:01Z,0,8.150,0.094,0.125,0.000,-15.000,1.250,3.000,0x00,0x00,0x00,~OPEN COSMOS~
tartu,2017-05-17T13:59:00Z,2000-10-30T17:59:11Z,0,8.150,0.094,0.125,0.000,-15.000,1.250,3.000,0x00,0x00,0x00,~OPEN COSMOS~
tartu,2017-05-17T13:59:00Z,2000-10-30T17:59:21Z,0,8.150,0.094,0.125,0.000,-15.000,1.250,3.000,0x00,0x00,0x00,~OPEN COSMOS~
tartu,2017-05-17T13:59:00Z,2000-10-30T17:59:51Z,0,8.150,0.094,0.125,0.000,-15.000,1.250,3.000,0x00,0x00,0x00,~OPEN COSMOS~
tartu,2017-05-17T13:59:00Z,2000-10-30T18:00:01Z,0,8.150,0.094,0.125,0.000,-15.000,1.000,3.000,0x00,0x00,0x00,~OPEN COSMOS~
tartu,2017-05-17T13:59:00Z,2000-10-30T18:00:11Z,0,8.100,0.094,0.125,0.000,-15.000,1.000,3.000,0x00,0x00,0x00,~OPEN COSMOS~
tartu,2017-05-17T13:59:00Z,2000-10-30T18:00:21Z,0,8.100,0.094,0.150,0.000,-15.000,1.000,3.000,0x00,0x00,0x00,~OPEN COSMOS~
tartu,2017-05-17T13:59:00Z,2000-10-30T18:00:51Z,0,8.100,0.094,0.125,0.000,-15.000,0.500,3.000,0x00,0x00,0x00,~OPEN COSMOS~
tartu,2017-05-17T13:59:00Z,2000-10-30T18:01:01Z,0,8.100,0.094,0.150,0.000,-15.000,0.500,2.000,0x00,0x00,0x00,~OPEN COSMOS~
tartu,2017-05-17T13:59:00Z,2000-10-30T18:01:11Z,0,8.100,0.094,0.125,0.000,-15.000,0.500,2.000,0x00,0x00,0x00,~OPEN COSMOS~
tartu,2017-05-17T21:23:00Z,2000-10-30T19:29:41Z,0,8.150,0.094,0.125,0.000,-15.000,4.000,6.000,0x00,0x00,0x00,~OPEN COSMOS~
tartu,2017-05-17T21:23:00Z,2000-10-30T19:29:51Z,0,8.150,0.094,0.125,0.000,-15.000,4.000,6.000,0x00,0x00,0x00,~OPEN COSMOS~
tartu,2017-05-17T21:23:00Z,2000-10-30T19:30:11Z,0,8.100,0.094,0.125,0.000,-15.000,4.000,6.000,0x00,0x00,0x00,~OPEN COSMOS~
tartu,2017-05-17T21:23:00Z,2000-10-30T19:30:21Z,0,8.150,0.094,0.125,0.000,-15.000,4.000,6.000,0x00,0x00,0x00,~OPEN COSMOS~
tartu,2017-05-17T21:23:00Z,2000-10-30T19:30:31Z,0,8.100,0.094,0.125,0.000,-15.000,3.250,5.000,0x00,0x00,0x00,~OPEN COSMOS~
tartu,2017-05-17T21:23:00Z,2000-10-30T19:30:51Z,0,8.150,0.094,0.125,0.000,-15.000,3.250,5.000,0x00,0x00,0x00,~OPEN COSMOS~
tartu,2017-05-17T21:23:00Z,2000-10-30T19:31:01Z,0,8.100,0.094,0.125,0.000,-15.000,3.250,5.000,0x00,0x00,0x00,~OPEN COSMOS~
tartu,2017-05-17T21:23:00Z,2000-10-30T19:31:11Z,0,8.100,0.094,0.125,0.000,-15.000,3.250,5.000,0x00,0x00,0x00,~OPEN COSMOS~
tartu,2017-05-17T21:23:00Z,2000-10-30T19:31:21Z,0,8.100,0.094,0.125,0.000,-15.000,3.250,5.000,0x00,0x00,0x00,~OPEN COSMOS~
tartu,2017-05-17T21:23:00Z,2000-10-30T19:31:31Z,0,8.100,0.094,0.125,0.000,-15.000,3.250,5.000,0x00,0x00,0x00,~OPEN COSMOS~
tartu,2017-05-17T21:23:00Z,2000-10-30T19:31:41Z,0,8.100,0.094,0.125,0.000,-15.000,3.000,5.000,0x00,0x00,0x00,~OPEN COSMOS~
tartu,2017-05-17T21:23:00Z,2000-10-30T19:32:01Z,0,8.100,0.094,0.125,0.000,-15.000,3.000,5.000,0x00,0x00,0x00,~OPEN COSMOS~
tartu,2017-05-17T21:23:00Z,2000-10-30T19:32:11Z,0,8.100,0.094,0.125,0.000,-15.000,3.000,5.000,0x00,0x00,0x00,~OPEN COSMOS~
tartu,2017-05-17T21:23:00Z,2000-10-30T19:32:21Z,0,8.100,0.094,0.125,0.000,-15.000,3.000,5.000,0x00,0x00,0x00,~OPEN COSMOS~
tartu,2017-05-17T21:23:00Z,2000-10-30T19:32:31Z,0,8.100,0.094,0.125,0.000,-15.000,2.250,4.000,0x00,0x00,0x00,~OPEN COSMOS~
tartu,2017-05-17T21:23:00Z,2000-10-30T19:32:41Z,0,8.100,0.094,0.125,0.000,-15.000,2.250,4.000,0x00,0x00,0x00,~OPEN COSMOS~
tartu,2017-05-17T21:23:00Z,2000-10-30T19:32:51Z,0,8.100,0.094,0.125,0.000,-15.000,2.250,4.000,0x00,0x00,0x00,~OPEN COSMOS~
tartu,2017-05-17T21:23:00Z,2000-10-30T19:33:01Z,0,8.100,0.094,0.125,0.000,-15.000,2.250,4.000,0x00,0x00,0x00,~OPEN COSMOS~
tartu,2017-05-17T21:23:00Z,2000-10-30T19:33:11Z,0,8.100,0.094,0.125,0.000,-15.000,2.250,4.000,0x00,0x00,0x00,~OPEN COSMOS~
tartu,2017-05-17T21:23:00Z,2000-10-30T19:33:21Z,0,8.100,0.094,0.125,0.000,-15.000,2.250,4.000,0x00,0x00,0x00,~OPEN COSMOS~
tartu,2017-05-17T21:23:00Z,2000-10-30T19:33:31Z,0,8.100,0.094,0.125,0.000,-15.000,2.250,4.000,0x00,0x00,0x00,~OPEN COSMOS~
tartu,2017-05-17T21:23:00Z,2000-10-30T19:33:41Z,0,8.100,0.094,0.125,0.000,-15.000,2.000,4.000,0x00,0x00,0x00,~OPEN COSMOS~
tartu,2017-05-17T21:23:00Z,2000-10-30T19:33:51Z,0,8.100,0.094,0.125,0.000,-15.000,2.000,4.000,0x00,0x00,0x00,~OPEN COSMOS~
tartu,2017-05-17T21:23:00Z,2000-10-30T19:34:01Z,0,8.100,0.094,0.125,0.000,-15.000,2.000,4.000,0x00,0x00,0x00,~OPEN COSMOS~
tartu,2017-05-17T21:23:00Z,2000-10-30T19:34:21Z,0,8.100,0.094,0.125,0.000,-15.000,2.000,4.000,0x00,0x00,0x00,~OPEN COSMOS~
tartu,2017-05-17T21:23:00Z,2000-10-30T19:35:21Z,0,8.150,0.094,0.125,0.000,-15.000,1.500,3.000,0x00,0x00,0x00,~OPEN COSMOS~
tartu,2017-05-17T21:23:00Z,2000-10-30T19:35:51Z,0,8.200,0.094,0.125,0.000,-15.000,1.500,3.000,0x00,0x00,0x00,~OPEN COSMOS~
tartu,2017-05-17T21:23:00Z,2000-10-30T19:36:01Z,0,8.150,0.094,0.125,0.000,-15.000,1.250,3.000,0x00,0x00,0x00,~OPEN COSMOS~
tartu,2017-05-17T21:23:00Z,2000-10-30T19:36:11Z,0,8.150,0.094,0.125,0.000,-15.000,1.250,3.000,0x00,0x00,0x00,~OPEN COSMOS~
tartu,2017-05-17T21:23:00Z,2000-10-30T19:36:31Z,0,8.250,0.094,0.125,0.000,-15.000,1.250,3.000,0x00,0x00,0x00,~OPEN COSMOS~
tartu,2017-05-17T21:23:00Z,2000-10-30T19:36:41Z,0,8.200,0.094,0.125,0.000,-15.000,1.500,3.000,0x00,0x00,0x00,~OPEN COSMOS~
tartu,2017-05-17T21:23:00Z,2000-10-30T19:36:51Z,0,8.150,0.094,0.125,0.000,-15.000,0.500,3.000,0x00,0x00,0x00,~OPEN COSMOS~
tartu,2017-05-17T21:23:00Z,2000-10-30T19:37:01Z,0,8.200,0.094,0.125,0.000,-15.000,0.500,3.000,0x00,0x00,0x00,~OPEN COSMOS~
tartu,2017-05-17T21:23:00Z,2000-10-30T19:37:11Z,0,8.250,0.094,0.125,0.000,-15.000,1.000,2.000,0x00,0x00,0x00,~OPEN COSMOS~
tartu,2017-05-17T21:23:00Z,2000-10-30T19:37:21Z,0,8.250,0.094,0.125,0.000,-15.000,0.500,2.000,0x00,0x00,0x00,~OPEN COSMOS~
tartu,2017-05-17T21:23:00Z,2000-10-30T19:37:31Z,0,8.200,0.094,0.125,0.000,-15.000,1.000,2.000,0x00,0x00,0x00,~OPEN COSMOS~
tartu,2017-05-17T21:23:00Z,2000-10-30T19:37:51Z,0,8.250,0.094,0.125,0.000,-15.000,0.500,2.000,0x00,0x00,0x00,~OPEN COSMOS~
tartu,2017-05-17T21:23:00Z,2000-10-30T19:38:01Z,0,8.150,0.134,0.125,0.000,-15.000,1.250,2.000,0x00,0x00,0x00,~OPEN COSMOS~
tartu,2017-05-17T21:23:00Z,2000-10-30T19:38:11Z,0,8.250,0.094,0.125,0.000,-15.000,0.500,2.000,0x00,0x00,0x00,~OPEN COSMOS~
tartu,2017-05-17T21:23:00Z,2000-10-30T19:38:21Z,0,8.150,0.094,0.125,0.000,-15.000,0.500,2.000,0x00,0x00,0x00,~OPEN COSMOS~
tartu,2017-05-17T21:23:00Z,2000-10-30T19:38:31Z,0,8.250,0.094,0.150,0.000,-15.000,0.500,2.000,0x00,0x00,0x00,~OPEN COSMOS~
tartu,2017-05-17T21:23:00Z,2000-10-30T19:38:41Z,0,8.250,0.094,0.125,0.000,-15.000,0.500,2.000,0x00,0x00,0x00,~OPEN COSMOS~
tartu,2017-05-18T00:23:00Z,2000-10-30T21:07:21Z,0,8.200,0.094,0.125,0.000,-15.000,1.500,4.000,0x00,0x00,0x00,~OPEN COSMOS~
tartu,2017-05-18T00:23:00Z,2000-10-30T21:07:31Z,0,8.100,0.126,0.125,0.000,-15.000,2.000,3.000,0x00,0x00,0x00,~OPEN COSMOS~
tartu,2017-05-18T00:23:00Z,2000-10-30T21:07:51Z,0,8.150,0.094,0.125,0.000,-15.000,1.500,3.000,0x00,0x00,0x00,~OPEN COSMOS~
tartu,2017-05-18T00:23:00Z,2000-10-30T21:08:01Z,0,8.150,0.094,0.125,0.000,-15.000,1.500,3.000,0x00,0x00,0x00,~OPEN COSMOS~
tartu,2017-05-18T00:23:00Z,2000-10-30T21:08:11Z,0,8.200,0.094,0.125,0.000,-15.000,1.500,3.000,0x00,0x00,0x00,~OPEN COSMOS~
tartu,2017-05-18T00:23:00Z,2000-10-30T21:08:31Z,0,8.250,0.094,0.125,0.000,-15.000,1.500,3.000,0x00,0x00,0x00,~OPEN COSMOS~
tartu,2017-05-18T00:23:00Z,2000-10-30T21:09:21Z,0,8.250,0.094,0.125,0.000,-15.000,1.500,3.000,0x00,0x00,0x00,~OPEN COSMOS~
tartu,2017-05-18T00:23:00Z,2000-10-30T21:10:11Z,0,8.250,0.094,0.125,0.000,-15.000,1.250,3.000,0x00,0x00,0x00,~OPEN COSMOS~
tartu,2017-05-18T00:23:00Z,2000-10-30T21:10:31Z,0,8.200,0.094,0.125,0.000,-15.000,0.500,2.000,0x00,0x00,0x00,~OPEN COSMOS~
tartu,2017-05-18T00:23:00Z,2000-10-30T21:10:51Z,0,8.150,0.134,0.125,0.000,-15.000,1.250,2.000,0x00,0x00,0x00,~OPEN COSMOS~
tartu,2017-05-18T00:23:00Z,2000-10-30T21:11:01Z,0,8.250,0.094,0.125,0.000,-15.000,1.000,2.000,0x00,0x00,0x00,~OPEN COSMOS~
tartu,2017-05-18T00:23:00Z,2000-10-30T21:12:11Z,0,8.250,0.094,0.125,0.000,-15.000,0.500,2.000,0x00,0x00,0x00,~OPEN COSMOS~
tartu,2017-05-18T00:23:00Z,2000-10-30T21:12:21Z,0,8.150,0.134,0.125,0.000,-15.000,1.000,2.000,0x00,0x00,0x00,~OPEN COSMOS~
tartu,2017-05-18T00:23:00Z,2000-10-30T21:12:31Z,0,8.250,0.094,0.125,0.000,-15.000,0.500,2.000,0x00,0x00,0x00,~OPEN COSMOS~
tartu,2017-05-18T00:23:00Z,2000-10-30T21:12:41Z,0,8.200,0.094,0.125,0.000,-15.000,0.500,2.000,0x00,0x00,0x00,~OPEN COSMOS~
tartu,2017-05-18T00:23:00Z,2000-10-30T21:12:51Z,0,8.200,0.094,0.125,0.000,-15.000,0.500,2.000,0x00,0x00,0x00,~OPEN COSMOS~
tartu,2017-05-18T00:23:00Z,2000-10-30T21:13:01Z,0,8.200,0.094,0.125,0.000,-15.000,0.500,2.000,0x00,0x00,0x00,~OPEN COSMOS~
tartu,2017-05-18T00:23:00Z,2000-10-30T21:13:11Z,0,8.150,0.134,0.125,0.000,-15.000,1.000,2.000,0x00,0x00,0x00,~OPEN COSMOS~
tartu,2017-05-18T00:23:00Z,2000-10-30T21:13:21Z,0,8.250,0.094,0.125,0.000,-15.000,0.500,2.000,0x00,0x00,0x00,~OPEN COSMOS~
tartu,2017-05-18T00:23:00Z,2000-10-30T21:13:31Z,0,8.200,0.094,0.125,0.000,-15.000,0.500,2.000,0x00,0x00,0x00,~OPEN COSMOS~
tartu,2017-05-18T00:23:00Z,2000-10-30T21:13:41Z,0,8.150,0.094,0.125,0.000,-15.000,0.500,2.000,0x00,0x00,0x00,~OPEN COSMOS~
tartu,2017-05-18T00:23:00Z,2000-10-30T21:13:51Z,0,8.200,0.094,0.125,0.000,-15.000,0.250,2.000,0x00,0x00,0x00,~OPEN COSMOS~
tartu,2017-05-18T00:23:00Z,2000-10-30T21:14:01Z,0,8.300,0.094,0.125,0.000,-15.000,0.250,2.000,0x00,0x00,0x00,~OPEN COSMOS~
tartu,2017-05-18T00:23:00Z,2000-10-30T21:14:21Z,0,8.250,0.094,0.125,0.000,-15.000,0.250,2.000,0x00,0x00,0x00,~OPEN COSMOS~
tartu,2017-05-18T00:23:00Z,2000-10-30T21:14:31Z,0,8.200,0.094,0.125,0.000,-15.000,0.250,2.000,0x00,0x00,0x00,~OPEN COSMOS~
tartu,2017-05-18T00:23:00Z,2000-10-30T21:14:51Z,0,8.150,0.134,0.125,0.000,-15.000,0.500,2.000,0x00,0x00,0x00,~OPEN COSMOS~
tartu,2017-05-18T00:36:00Z,2000-10-30T22:40:31Z,0,8.250,0.094,0.125,0.000,-15.000,1.500,3.000,0x00,0x00,0x00,~OPEN COSMOS~
tartu,2017-05-18T00:36:00Z,2000-10-30T22:40:41Z,0,8.250,0.094,0.125,0.000,-15.000,1.500,3.000,0x00,0x00,0x00,~OPEN COSMOS~
tartu,2017-05-18T00:36:00Z,2000-10-30T22:40:51Z,0,8.250,0.094,0.125,0.000,-15.000,1.500,3.000,0x00,0x00,0x00,~OPEN COSMOS~
tartu,2017-05-18T00:36:00Z,2000-10-30T22:41:01Z,0,8.250,0.094,0.125,0.000,-15.000,1.500,3.000,0x00,0x00,0x00,~OPEN COSMOS~
tartu,2017-05-18T00:36:00Z,2000-10-30T22:41:31Z,0,8.250,0.094,0.125,0.000,-15.000,1.500,3.000,0x00,0x00,0x00,~OPEN COSMOS~
tartu,2017-05-18T00:36:00Z,2000-10-30T22:41:41Z,0,8.150,0.126,0.125,0.000,-15.000,2.000,3.000,0x00,0x00,0x00,~OPEN COSMOS~
tartu,2017-05-18T00:36:00Z,2000-10-30T22:41:51Z,0,8.250,0.094,0.125,0.000,-15.000,1.500,3.000,0x00,0x00,0x00,~OPEN COSMOS~
tartu,2017-05-18T00:36:00Z,2000-10-30T22:42:01Z,0,8.150,0.126,0.125,0.000,-15.000,2.000,3.000,0x00,0x00,0x00,~OPEN COSMOS~
tartu,2017-05-18T00:36:00Z,2000-10-30T22:42:11Z,0,8.250,0.094,0.125,0.000,-15.000,1.250,3.000,0x00,0x00,0x00,~OPEN COSMOS~
tartu,2017-05-18T00:36:00Z,2000-10-30T22:42:21Z,0,8.150,0.134,0.150,0.000,-15.000,1.250,3.000,0x00,0x00,0x00,~OPEN COSMOS~
tartu,2017-05-18T00:36:00Z,2000-10-30T22:42:31Z,0,8.250,0.094,0.125,0.000,-15.000,1.250,3.000,0x00,0x00,0x00,~OPEN COSMOS~
tartu,2017-05-18T00:36:00Z,2000-10-30T22:42:41Z,0,8.200,0.094,0.125,0.000,-15.000,1.250,2.000,0x00,0x00,0x00,~OPEN COSMOS~
tartu,2017-05-18T00:36:00Z,2000-10-30T22:43:11Z,0,8.250,0.094,0.125,0.000,-15.000,1.250,2.000,0x00,0x00,0x00,~OPEN COSMOS~
tartu,2017-05-18T00:36:00Z,2000-10-30T22:43:21Z,0,8.200,0.094,0.125,0.000,-15.000,1.000,2.000,0x00,0x00,0x00,~OPEN COSMOS~
tartu,2017-05-18T00:36:00Z,2000-10-30T22:43:41Z,0,8.200,0.094,0.125,0.000,-15.000,0.500,2.000,0x00,0x00,0x00,~OPEN COSMOS~
tartu,2017-05-18T00:36:00Z,2000-10-30T22:44:31Z,0,8.200,0.094,0.125,0.000,-15.000,0.500,2.000,0x00,0x00,0x00,~OPEN COSMOS~
tartu,2017-05-18T00:36:00Z,2000-10-30T22:48:11Z,0,8.300,0.094,0.125,0.000,-15.000,0.500,2.000,0x00,0x00,0x00,~OPEN COSMOS~
tartu,2017-05-18T00:36:00Z,2000-10-30T22:48:21Z,0,8.250,0.094,0.125,0.000,-15.000,0.500,2.000,0x00,0x00,0x00,~OPEN COSMOS~
tartu,2017-05-18T00:36:00Z,2000-10-30T22:48:31Z,0,8.200,0.094,0.125,0.000,-15.000,0.250,2.000,0x00,0x00,0x00,~OPEN COSMOS~
tartu,2017-05-18T00:36:00Z,2000-10-30T22:49:01Z,0,8.300,0.094,0.125,0.000,-15.000,0.250,2.000,0x00,0x00,0x00,~OPEN COSMOS~
tartu,2017-05-18T00:36:00Z,2000-10-30T22:49:11Z,0,8.200,0.094,0.125,0.000,-15.000,0.250,2.000,0x00,0x00,0x00,~OPEN COSMOS~
tartu,2017-05-18T00:36:00Z,2000-10-30T22:49:21Z,0,8.250,0.094,0.125,0.000,-15.000,0.250,2.000,0x00,0x00,0x00,~OPEN COSMOS~
tartu,2017-05-18T00:36:00Z,2000-10-30T22:49:31Z,0,8.150,0.134,0.125,0.000,-15.000,1.000,2.000,0x00,0x00,0x00,~OPEN COSMOS~
tartu,2017-05-18T00:36:00Z,2000-10-30T22:49:41Z,0,8.150,0.134,0.125,0.000,-15.000,1.000,2.000,0x00,0x00,0x00,~OPEN COSMOS~
tartu,2017-05-18T00:36:00Z,2000-10-30T22:49:51Z,0,8.250,0.094,0.125,0.000,-15.000,1.000,2.000,0x00,0x00,0x00,~OPEN COSMOS~
tartu,2017-05-18T00:36:00Z,2000-10-30T22:50:11Z,0,8.300,0.094,0.125,0.000,-15.000,0.250,2.000,0x00,0x00,0x00,~OPEN COSMOS~
tartu,2017-05-18T00:36:00Z,2000-10-30T22:50:21Z,0,8.150,0.134,0.125,0.000,-15.000,1.000,2.000,0x00,0x00,0x00,~OPEN COSMOS~
tartu,2017-05-18T00:36:00Z,2000-10-30T22:50:31Z,0,8.300,0.094,0.125,0.000,-15.000,0.500,2.000,0x00,0x00,0x00,~OPEN COSMOS~
tartu,2017-05-18T00:36:00Z,2000-10-31T00:16:51Z,0,8.250,0.094,0.125,0.000,-15.000,0.500,2.000,0x00,0x00,0x00,~OPEN COSMOS~
tartu,2017-05-18T00:36:00Z,2000-10-31T00:17:01Z,0,8.150,0.094,0.125,0.000,-15.000,0.500,2.000,0x00,0x00,0x00,~OPEN COSMOS~
tartu,2017-05-18T00:36:00Z,2000-10-31T00:17:11Z,0,8.150,0.094,0.125,0.000,-15.000,0.500,2.000,0x00,0x00,0x00,~OPEN COSMOS~
tartu,2017-05-18T00:36:00Z,2000-10-31T00:17:31Z,0,8.250,0.094,0.125,0.000,-15.000,0.500,2.000,0x00,0x00,0x00,~OPEN COSMOS~
tartu,2017-05-18T00:36:00Z,2000-10-31T00:17:51Z,0,8.200,0.094,0.125,0.000,-15.000,0.500,2.000,0x00,0x00,0x00,~OPEN COSMOS~
tartu,2017-05-18T00:36:00Z,2000-10-31T00:18:01Z,0,8.200,0.094,0.125,0.000,-15.000,0.500,2.000,0x00,0x00,0x00,~OPEN COSMOS~
tartu,2017-05-18T00:36:00Z,2000-10-31T00:18:21Z,0,8.250,0.094,0.125,0.000,-15.000,0.500,2.000,0x00,0x00,0x00,~OPEN COSMOS~
tartu,2017-05-18T00:36:00Z,2000-10-31T00:18:31Z,0,8.250,0.094,0.125,0.000,-15.000,0.500,2.000,0x00,0x00,0x00,~OPEN COSMOS~
tartu,2017-05-18T00:36:00Z,2000-10-31T00:19:11Z,0,8.250,0.094,0.125,0.000,-15.000,0.250,2.000,0x00,0x00,0x00,~OPEN COSMOS~
tartu,2017-05-18T00:36:00Z,2000-10-31T00:19:41Z,0,8.200,0.094,0.125,0.000,-15.000,0.250,2.000,0x00,0x00,0x00,~OPEN COSMOS~
tartu,2017-05-18T00:36:00Z,2000-10-31T00:20:21Z,0,8.200,0.094,0.125,0.000,-15.000,0.250,2.000,0x00,0x00,0x00,~OPEN COSMOS~
tartu,2017-05-18T00:36:00Z,2000-10-31T00:24:21Z,0,8.200,0.094,0.125,0.000,-15.000,0.250,1.000,0x00,0x00,0x00,~OPEN COSMOS~
tartu,2017-05-18T00:36:00Z,2000-10-31T00:24:51Z,0,8.250,0.094,0.125,0.000,-15.000,0.250,1.000,0x00,0x00,0x00,~OPEN COSMOS~
tartu,2017-05-18T00:36:00Z,2000-10-31T00:25:11Z,0,8.200,0.094,0.125,0.000,-15.000,0.250,1.000,0x00,0x00,0x00,~OPEN COSMOS~
tartu,2017-05-18T19:55:00Z,2000-10-31T18:37:31Z,0,8.150,0.094,0.125,0.000,-15.000,6.000,7.000,0x00,0x00,0x00,~OPEN COSMOS~
tartu,2017-05-18T19:55:00Z,2000-10-31T18:37:51Z,0,8.150,0.094,0.125,0.000,-15.000,5.250,7.000,0x00,0x00,0x00,~OPEN COSMOS~
tartu,2017-05-18T19:55:00Z,2000-10-31T18:38:01Z,0,8.150,0.094,0.125,0.000,-15.000,5.250,7.000,0x00,0x00,0x00,~OPEN COSMOS~
tartu,2017-05-18T19:55:00Z,2000-10-31T18:38:11Z,0,8.150,0.094,0.125,0.000,-15.000,5.250,7.000,0x00,0x00,0x00,~OPEN COSMOS~
tartu,2017-05-18T19:55:00Z,2000-10-31T18:38:21Z,0,8.150,0.094,0.125,0.000,-15.000,5.250,7.000,0x00,0x00,0x00,~OPEN COSMOS~
tartu,2017-05-18T19:55:00Z,2000-10-31T18:38:51Z,0,8.150,0.094,0.125,0.000,-15.000,5.000,7.000,0x00,0x00,0x00,~OPEN COSMOS~
tartu,2017-05-18T19:55:00Z,2000-10-31T18:39:41Z,0,8.150,0.094,0.125,0.000,-15.000,4.250,6.000,0x00,0x00,0x00,~OPEN COSMOS~
tartu,2017-05-18T19:55:00Z,2000-10-31T18:40:51Z,0,8.150,0.094,0.125,0.000,-15.000,4.000,6.000,0x00,0x00,0x00,~OPEN COSMOS~
tartu,2017-05-18T19:55:00Z,2000-10-31T18:44:11Z,0,8.250,0.094,0.125,0.000,-15.000,2.500,4.000,0x00,0x00,0x00,~OPEN COSMOS~
tartu,2017-05-18T22:33:00Z,2000-10-31T20:12:11Z,0,8.150,0.094,0.125,0.000,-15.000,7.000,9.000,0x00,0x00,0x00,~OPEN COSMOS~
tartu,2017-05-18T22:33:00Z,2000-10-31T20:12:21Z,0,8.150,0.094,0.125,0.000,-15.000,7.000,8.000,0x00,0x00,0x00,~OPEN COSMOS~
tartu,2017-05-18T22:33:00Z,2000-10-31T20:12:31Z,0,8.150,0.094,0.125,0.000,-15.000,6.250,8.000,0x00,0x00,0x00,~OPEN COSMOS~
tartu,2017-05-18T22:33:00Z,2000-10-31T20:12:41Z,0,8.150,0.094,0.125,0.000,-15.000,6.250,8.000,0x00,0x00,0x00,~OPEN COSMOS~
tartu,2017-05-18T22:33:00Z,2000-10-31T20:12:51Z,0,8.150,0.094,0.125,0.000,-15.000,6.250,8.000,0x00,0x00,0x00,~OPEN COSMOS~
tartu,2017-05-18T22:33:00Z,2000-10-31T20:13:01Z,0,8.150,0.094,0.125,0.000,-15.000,6.250,8.000,0x00,0x00,0x00,~OPEN COSMOS~
tartu,2017-05-18T22:33:00Z,2000-10-31T20:13:11Z,0,8.150,0.094,0.125,0.000,-15.000,6.250,8.000,0x00,0x00,0x00,~OPEN COSMOS~
tartu,2017-05-18T22:33:00Z,2000-10-31T20:13:21Z,0,8.150,0.094,0.125,0.000,-15.000,6.000,8.000,0x00,0x00,0x00,~OPEN COSMOS~
tartu,2017-05-18T22:33:00Z,2000-10-31T20:13:31Z,0,8.150,0.094,0.125,0.000,-15.000,6.000,8.000,0x00,0x00,0x00,~OPEN COSMOS~
tartu,2017-05-18T22:33:00Z,2000-10-31T20:13:41Z,0,8.150,0.094,0.125,0.000,-15.000,6.000,8.000,0x00,0x00,0x00,~OPEN COSMOS~
tartu,2017-05-18T22:33:00Z,2000-10-31T20:13:51Z,0,8.150,0.094,0.125,0.000,-15.000,6.000,8.000,0x00,0x00,0x00,~OPEN COSMOS~
tartu,2017-05-18T22:33:00Z,2000-10-31T20:14:01Z,0,8.150,0.094,0.125,0.000,-15.000,6.000,8.000,0x00,0x00,0x00,~OPEN COSMOS~
tartu,2017-05-18T22:33:00Z,2000-10-31T20:14:11Z,0,8.150,0.094,0.125,0.000,-15.000,6.000,8.000,0x00,0x00,0x00,~OPEN COSMOS~
tartu,2017-05-18T22:33:00Z,2000-10-31T20:14:21Z,0,8.150,0.094,0.125,0.000,-15.000,5.250,7.000,0x00,0x00,0x00,~OPEN COSMOS~
tartu,2017-05-18T22:33:00Z,2000-10-31T20:14:41Z,0,8.150,0.094,0.125,0.000,-15.000,5.250,7.000,0x00,0x00,0x00,~OPEN COSMOS~
tartu,2017-05-18T22:33:00Z,2000-10-31T20:14:51Z,0,8.150,0.094,0.125,0.000,-15.000,5.250,7.000,0x00,0x00,0x00,~OPEN COSMOS~
tartu,2017-05-18T22:33:00Z,2000-10-31T20:15:01Z,0,8.150,0.094,0.125,0.000,-15.000,5.250,7.000,0x00,0x00,0x00,~OPEN COSMOS~
tartu,2017-05-18T22:33:00Z,2000-10-31T20:15:11Z,0,8.150,0.094,0.125,0.000,-15.000,5.000,7.000,0x00,0x00,0x00,~OPEN COSMOS~
tartu,2017-05-18T22:33:00Z,2000-10-31T20:15:21Z,0,8.150,0.094,0.125,0.000,-15.000,5.000,7.000,0x00,0x00,0x00,~OPEN COSMOS~
tartu,2017-05-18T22:33:00Z,2000-10-31T20:15:31Z,0,8.150,0.094,0.125,0.000,-15.000,5.000,7.000,0x00,0x00,0x00,~OPEN COSMOS~
tartu,2017-05-18T22:33:00Z,2000-10-31T20:15:51Z,0,8.150,0.094,0.125,0.000,-15.000,5.000,7.000,0x00,0x00,0x00,~OPEN COSMOS~
tartu,2017-05-18T22:33:00Z,2000-10-31T20:16:01Z,0,8.150,0.094,0.125,0.000,-15.000,5.000,7.000,0x00,0x00,0x00,~OPEN COSMOS~
tartu,2017-05-18T22:33:00Z,2000-10-31T20:16:11Z,0,8.150,0.094,0.125,0.000,-15.000,5.000,6.000,0x00,0x00,0x00,~OPEN COSMOS~
tartu,2017-05-18T22:33:00Z,2000-10-31T20:16:31Z,0,8.200,0.094,0.125,0.000,-15.000,4.500,6.000,0x00,0x00,0x00,~OPEN COSMOS~
tartu,2017-05-18T22:33:00Z,2000-10-31T20:16:41Z,0,8.200,0.094,0.125,0.000,-15.000,4.500,6.000,0x00,0x00,0x00,~OPEN COSMOS~
tartu,2017-05-18T22:33:00Z,2000-10-31T20:17:01Z,0,8.150,0.094,0.125,0.000,-15.000,4.500,6.000,0x00,0x00,0x00,~OPEN COSMOS~
tartu,2017-05-18T22:33:00Z,2000-10-31T20:17:11Z,0,8.200,0.094,0.125,0.000,-15.000,4.500,6.000,0x00,0x00,0x00,~OPEN COSMOS~
tartu,2017-05-18T22:33:00Z,2000-10-31T20:17:21Z,0,8.250,0.094,0.125,0.000,-15.000,4.250,6.000,0x00,0x00,0x00,~OPEN COSMOS~
tartu,2017-05-18T22:33:00Z,2000-10-31T20:17:31Z,0,8.250,0.094,0.125,0.000,-15.000,4.250,6.000,0x00,0x00,0x00,~OPEN COSMOS~
tartu,2017-05-18T22:33:00Z,2000-10-31T20:17:41Z,0,8.250,0.094,0.125,0.000,-15.000,4.250,6.000,0x00,0x00,0x00,~OPEN COSMOS~
tartu,2017-05-18T22:33:00Z,2000-10-31T20:17:51Z,0,8.250,0.094,0.125,0.000,-15.000,4.250,6.000,0x00,0x00,0x00,~OPEN COSMOS~
tartu,2017-05-18T22:33:00Z,2000-10-31T20:18:01Z,0,8.250,0.094,0.125,0.000,-15.000,4.250,6.000,0x00,0x00,0x00,~OPEN COSMOS~
tartu,2017-05-18T22:33:00Z,2000-10-31T20:18:11Z,0,8.250,0.094,0.125,0.000,-15.000,4.250,6.000,0x00,0x00,0x00,~OPEN COSMOS~
tartu,2017-05-18T22:33:00Z,2000-10-31T20:18:21Z,0,8.250,0.094,0.125,0.000,-15.000,4.250,5.000,0x00,0x00,0x00,~OPEN COSMOS~
tartu,2017-05-18T22:33:00Z,2000-10-31T20:18:31Z,0,8.250,0.094,0.125,0.000,-15.000,4.250,5.000,0x00,0x00,0x00,~OPEN COSMOS~
tartu,2017-05-18T22:33:00Z,2000-10-31T20:18:41Z,0,8.200,0.094,0.125,0.000,-15.000,4.250,5.000,0x00,0x00,0x00,~OPEN COSMOS~
tartu,2017-05-18T22:33:00Z,2000-10-31T20:18:51Z,0,8.150,0.094,0.125,0.000,-15.000,4.250,5.000,0x00,0x00,0x00,~OPEN COSMOS~
tartu,2017-05-18T22:33:00Z,2000-10-31T20:19:01Z,0,8.200,0.094,0.125,0.000,-15.000,4.250,5.000,0x00,0x00,0x00,~OPEN COSMOS~
tartu,2017-05-18T22:33:00Z,2000-10-31T20:19:21Z,0,8.150,0.094,0.125,0.000,-15.000,4.250,5.000,0x00,0x00,0x00,~OPEN COSMOS~
tartu,2017-05-18T22:33:00Z,2000-10-31T20:19:31Z,0,8.200,0.094,0.125,0.000,-15.000,4.250,5.000,0x00,0x00,0x00,~OPEN COSMOS~
tartu,2017-05-18T22:33:00Z,2000-10-31T20:19:41Z,0,8.250,0.094,0.125,0.000,-15.000,4.250,5.000,0x00,0x00,0x00,~OPEN COSMOS~
tartu,2017-05-18T22:33:00Z,2000-10-31T20:20:01Z,0,8.250,0.094,0.125,0.000,-15.000,4.250,5.000,0x00,0x00,0x00,~OPEN COSMOS~
tartu,2017-05-18T22:33:00Z,2000-10-31T20:20:11Z,0,8.250,0.094,0.125,0.000,-15.000,4.000,5.000,0x00,0x00,0x00,~OPEN COSMOS~
tartu,2017-05-18T22:33:00Z,2000-10-31T20:20:21Z,0,8.250,0.094,0.125,0.000,-15.000,4.000,5.000,0x00,0x00,0x00,~OPEN COSMOS~
tartu,2017-05-18T22:33:00Z,2000-10-31T20:20:31Z,0,8.250,0.094,0.125,0.000,-15.000,4.000,5.000,0x00,0x00,0x00,~OPEN COSMOS~
tartu,2017-05-18T22:33:00Z,2000-10-31T20:20:41Z,0,8.300,0.094,0.125,0.000,-15.000,4.000,5.000,0x00,0x00,0x00,~OPEN COSMOS~
tartu,2017-05-18T22:33:00Z,2000-10-31T20:20:51Z,0,8.300,0.094,0.125,0.000,-15.000,4.000,5.000,0x00,0x00,0x00,~OPEN COSMOS~
tartu,2017-05-18T22:33:00Z,2000-10-31T20:21:11Z,0,8.250,0.094,0.125,0.000,-15.000,4.000,5.000,0x00,0x00,0x00,~OPEN COSMOS~
tartu,2017-05-18T22:33:00Z,2000-10-31T20:21:21Z,0,8.250,0.094,0.125,0.000,-15.000,4.000,5.000,0x00,0x00,0x00,~OPEN COSMOS~
tartu,2017-05-18T22:33:00Z,2000-10-31T20:21:31Z,0,8.300,0.094,0.125,0.000,-15.000,4.000,5.000,0x00,0x00,0x00,~OPEN COSMOS~
tartu,2017-05-18T22:33:00Z,2000-10-31T20:22:01Z,0,8.250,0.094,0.125,0.000,-15.000,4.000,4.000,0x00,0x00,0x00,~OPEN COSMOS~
tartu,2017-05-18T22:33:00Z,2000-10-31T20:22:21Z,0,8.250,0.094,0.125,0.000,-15.000,3.500,4.000,0x00,0x00,0x00,~OPEN COSMOS~
tartu,2017-05-21T20:08:00Z,2000-10-30T15:57:20Z,0,8.150,0.079,0.125,0.000,-15.000,11.000,13.000,0x00,0x00,0x00,~OPEN COSMOS~
tartu,2017-05-21T20:08:00Z,2000-10-30T15:57:40Z,0,8.150,0.079,0.125,0.000,-15.000,11.000,13.000,0x00,0x00,0x00,~OPEN COSMOS~
tartu,2017-05-21T20:08:00Z,2000-10-30T15:57:50Z,0,8.150,0.079,0.125,0.000,-15.000,11.000,12.000,0x00,0x00,0x00,~OPEN COSMOS~
tartu,2017-05-21T20:08:00Z,2000-10-30T15:58:00Z,0,8.150,0.079,0.125,0.000,-15.000,11.000,12.000,0x00,0x00,0x00,~OPEN COSMOS~
tartu,2017-05-21T20:08:00Z,2000-10-30T15:58:10Z,0,8.150,0.079,0.125,0.000,-15.000,11.000,12.000,0x00,0x00,0x00,~OPEN COSMOS~
tartu,2017-05-21T20:08:00Z,2000-10-30T15:58:20Z,0,8.150,0.079,0.125,0.000,-15.000,11.000,12.000,0x00,0x00,0x00,~OPEN COSMOS~
tartu,2017-05-21T20:08:00Z,2000-10-30T15:58:40Z,0,8.150,0.079,0.125,0.000,-15.000,10.500,12.000,0x00,0x00,0x00,~OPEN COSMOS~
tartu,2017-05-21T20:08:00Z,2000-10-30T15:58:50Z,0,8.150,0.079,0.125,0.000,-15.000,10.500,12.000,0x00,0x00,0x00,~OPEN COSMOS~
tartu,2017-05-21T20:08:00Z,2000-10-30T15:59:20Z,0,8.150,0.079,0.125,0.000,-15.000,10.250,12.000,0x00,0x00,0x00,~OPEN COSMOS~
tartu,2017-05-21T20:08:00Z,2000-10-30T15:59:30Z,0,8.150,0.094,0.125,0.000,-15.000,10.000,12.000,0x00,0x00,0x00,~OPEN COSMOS~
tartu,2017-05-21T20:08:00Z,2000-10-30T15:59:40Z,0,8.150,0.079,0.125,0.000,-15.000,10.000,12.000,0x00,0x00,0x00,~OPEN COSMOS~
tartu,2017-05-21T20:08:00Z,2000-10-30T15:59:50Z,0,8.150,0.079,0.125,0.000,-15.000,10.000,12.000,0x00,0x00,0x00,~OPEN COSMOS~
tartu,2017-05-21T20:08:00Z,2000-10-30T16:00:00Z,0,8.150,0.079,0.125,0.000,-15.000,10.000,12.000,0x00,0x00,0x00,~OPEN COSMOS~
tartu,2017-05-21T20:08:00Z,2000-10-30T16:00:10Z,0,8.150,0.079,0.125,0.000,-15.000,10.000,11.000,0x00,0x00,0x00,~OPEN COSMOS~
tartu,2017-05-21T20:08:00Z,2000-10-30T16:00:30Z,0,8.150,0.094,0.125,0.000,-15.000,9.500,11.000,0x00,0x00,0x00,~OPEN COSMOS~
tartu,2017-05-21T20:08:00Z,2000-10-30T16:00:40Z,0,8.150,0.079,0.125,0.000,-15.000,9.500,11.000,0x00,0x00,0x00,~OPEN COSMOS~
tartu,2017-05-21T20:08:00Z,2000-10-30T16:00:50Z,0,8.150,0.079,0.125,0.000,-15.000,9.250,11.000,0x00,0x00,0x00,~OPEN COSMOS~
tartu,2017-05-21T20:08:00Z,2000-10-30T16:01:00Z,0,8.150,0.094,0.125,0.000,-15.000,9.250,11.000,0x00,0x00,0x00,~OPEN COSMOS~
tartu,2017-05-21T20:08:00Z,2000-10-30T16:01:10Z,0,8.150,0.079,0.125,0.000,-15.000,9.250,11.000,0x00,0x00,0x00,~OPEN COSMOS~
tartu,2017-05-21T20:08:00Z,2000-10-30T16:01:20Z,0,8.150,0.079,0.125,0.000,-15.000,9.250,11.000,0x00,0x00,0x00,~OPEN COSMOS~
tartu,2017-05-21T20:08:00Z,2000-10-30T16:01:30Z,0,8.150,0.079,0.125,0.000,-15.000,9.250,11.000,0x00,0x00,0x00,~OPEN COSMOS~
tartu,2017-05-21T20:08:00Z,2000-10-30T16:01:50Z,0,8.150,0.079,0.125,0.000,-15.000,9.000,11.000,0x00,0x00,0x00,~OPEN COSMOS~
tartu,2017-05-21T20:08:00Z,2000-10-30T16:02:00Z,0,8.150,0.079,0.125,0.000,-15.000,9.000,11.000,0x00,0x00,0x00,~OPEN COSMOS~
tartu,2017-05-21T20:08:00Z,2000-10-30T16:02:10Z,0,8.150,0.094,0.125,0.000,-15.000,9.000,11.000,0x00,0x00,0x00,~OPEN COSMOS~
tartu,2017-05-21T20:08:00Z,2000-10-30T16:02:20Z,0,8.150,0.094,0.125,0.000,-15.000,9.000,10.000,0x00,0x00,0x00,~OPEN COSMOS~
tartu,2017-05-21T20:08:00Z,2000-10-30T16:02:30Z,0,8.150,0.094,0.125,0.000,-15.000,8.500,10.000,0x00,0x00,0x00,~OPEN COSMOS~
tartu,2017-05-21T20:08:00Z,2000-10-30T16:02:50Z,0,8.150,0.094,0.125,0.000,-15.000,8.250,10.000,0x00,0x00,0x00,~OPEN COSMOS~
tartu,2017-05-21T20:08:00Z,2000-10-30T16:03:00Z,0,8.150,0.094,0.125,0.000,-15.000,8.250,10.000,0x00,0x00,0x00,~OPEN COSMOS~
tartu,2017-05-21T20:08:00Z,2000-10-30T16:03:10Z,0,8.150,0.094,0.125,0.000,-15.000,8.250,10.000,0x00,0x00,0x00,~OPEN COSMOS~
tartu,2017-05-21T20:08:00Z,2000-10-30T16:03:20Z,0,8.150,0.094,0.125,0.000,-15.000,8.250,10.000,0x00,0x00,0x00,~OPEN COSMOS~
tartu,2017-05-21T20:08:00Z,2000-10-30T16:03:30Z,0,8.150,0.094,0.125,0.000,-15.000,8.250,10.000,0x00,0x00,0x00,~OPEN COSMOS~
tartu,2017-05-21T20:08:00Z,2000-10-30T16:03:40Z,0,8.150,0.094,0.125,0.000,-15.000,8.000,10.000,0x00,0x00,0x00,~OPEN COSMOS~
tartu,2017-05-21T20:08:00Z,2000-10-30T16:04:00Z,0,8.150,0.094,0.150,0.000,-15.000,8.000,10.000,0x00,0x00,0x00,~OPEN COSMOS~
tartu,2017-05-21T20:08:00Z,2000-10-30T16:04:10Z,0,8.200,0.094,0.125,0.000,-15.000,8.000,10.000,0x00,0x00,0x00,~OPEN COSMOS~
tartu,2017-05-21T20:08:00Z,2000-10-30T16:04:30Z,0,8.250,0.094,0.125,0.000,-15.000,8.000,9.000,0x00,0x00,0x00,~OPEN COSMOS~
tartu,2017-05-21T20:08:00Z,2000-10-30T16:04:40Z,0,8.200,0.094,0.125,0.000,-15.000,8.000,9.000,0x00,0x00,0x00,~OPEN COSMOS~
tartu,2017-05-21T20:08:00Z,2000-10-30T16:04:50Z,0,8.150,0.094,0.125,0.000,-15.000,7.500,9.000,0x00,0x00,0x00,~OPEN COSMOS~
tartu,2017-05-21T20:08:00Z,2000-10-30T16:05:10Z,0,8.200,0.094,0.125,0.000,-15.000,7.500,9.000,0x00,0x00,0x00,~OPEN COSMOS~
tartu,2017-05-21T20:08:00Z,2000-10-30T16:05:20Z,0,8.250,0.094,0.125,0.000,-15.000,7.500,9.000,0x00,0x00,0x00,~OPEN COSMOS~
tartu,2017-05-21T20:08:00Z,2000-10-30T16:05:30Z,0,8.250,0.094,0.125,0.000,-15.000,7.500,9.000,0x00,0x00,0x00,~OPEN COSMOS~
tartu,2017-05-21T20:08:00Z,2000-10-30T16:05:40Z,0,8.250,0.094,0.125,0.000,-15.000,7.500,9.000,0x00,0x00,0x00,~OPEN COSMOS~
tartu,2017-05-21T20:08:00Z,2000-10-30T16:05:50Z,0,8.200,0.094,0.125,0.000,-15.000,7.500,9.000,0x00,0x00,0x00,~OPEN COSMOS~
tartu,2017-05-21T22:39:00Z,2000-10-30T19:07:40Z,0,8.150,0.094,0.125,0.000,-15.000,11.000,13.000,0x00,0x00,0x00,~OPEN COSMOS~
tartu,2017-05-21T22:39:00Z,2000-10-30T19:07:50Z,0,8.150,0.079,0.125,0.000,-15.000,11.000,13.000,0x00,0x00,0x00,~OPEN COSMOS~
tartu,2017-05-21T22:39:00Z,2000-10-30T19:08:00Z,0,8.150,0.079,0.125,0.000,-15.000,11.000,13.000,0x00,0x00,0x00,~OPEN COSMOS~
tartu,2017-05-21T22:39:00Z,2000-10-30T19:08:10Z,0,8.150,0.079,0.125,0.000,-15.000,11.000,13.000,0x00,0x00,0x00,~OPEN COSMOS~
tartu,2017-05-21T22:39:00Z,2000-10-30T19:08:20Z,0,8.150,0.079,0.125,0.000,-15.000,10.500,12.000,0x00,0x00,0x00,~OPEN COSMOS~
tartu,2017-05-21T22:39:00Z,2000-10-30T19:08:40Z,0,8.150,0.094,0.125,0.000,-15.000,10.250,12.000,0x00,0x00,0x00,~OPEN COSMOS~
tartu,2017-05-21T22:39:00Z,2000-10-30T19:08:50Z,0,8.200,0.094,0.125,0.000,-15.000,10.500,12.000,0x00,0x00,0x00,~OPEN COSMOS~
tartu,2017-05-21T22:39:00Z,2000-10-30T19:09:00Z,0,8.250,0.094,0.125,0.000,-15.000,10.500,12.000,0x00,0x00,0x00,~OPEN COSMOS~
tartu,2017-05-21T22:39:00Z,2000-10-30T19:09:10Z,0,8.200,0.094,0.125,0.000,-15.000,10.500,12.000,0x00,0x00,0x00,~OPEN COSMOS~
tartu,2017-05-21T22:39:00Z,2000-10-30T19:09:20Z,0,8.150,0.079,0.125,0.000,-15.000,10.250,12.000,0x00,0x00,0x00,~OPEN COSMOS~
tartu,2017-05-21T22:39:00Z,2000-10-30T19:09:30Z,0,8.150,0.079,0.125,0.000,-15.000,10.250,12.000,0x00,0x00,0x00,~OPEN COSMOS~
tartu,2017-05-21T22:39:00Z,2000-10-30T19:09:50Z,0,8.200,0.094,0.125,0.000,-15.000,10.250,12.000,0x00,0x00,0x00,~OPEN COSMOS~
tartu,2017-05-21T22:39:00Z,2000-10-30T19:10:00Z,0,8.250,0.094,0.125,0.000,-15.000,10.250,12.000,0x00,0x00,0x00,~OPEN COSMOS~
tartu,2017-05-21T22:39:00Z,2000-10-30T19:10:10Z,0,8.250,0.094,0.125,0.000,-15.000,10.500,12.000,0x00,0x00,0x00,~OPEN COSMOS~
tartu,2017-05-21T22:39:00Z,2000-10-30T19:10:20Z,0,8.250,0.094,0.125,0.000,-15.000,10.500,12.000,0x00,0x00,0x00,~OPEN COSMOS~
tartu,2017-05-21T22:39:00Z,2000-10-30T19:10:30Z,0,8.250,0.094,0.125,0.000,-15.000,10.250,11.000,0x00,0x00,0x00,~OPEN COSMOS~
tartu,2017-05-21T22:39:00Z,2000-10-30T19:10:40Z,0,8.200,0.094,0.125,0.000,-15.000,10.250,11.000,0x00,0x00,0x00,~OPEN COSMOS~
tartu,2017-05-21T22:39:00Z,2000-10-30T19:11:00Z,0,8.250,0.094,0.125,0.000,-15.000,9.500,11.000,0x00,0x00,0x00,~OPEN COSMOS~
tartu,2017-05-21T22:39:00Z,2000-10-30T19:11:10Z,0,8.150,0.126,0.125,0.000,-15.000,10.000,11.000,0x00,0x00,0x00,~OPEN COSMOS~
tartu,2017-05-21T22:39:00Z,2000-10-30T19:11:20Z,0,8.250,0.094,0.125,0.000,-15.000,10.000,11.000,0x00,0x00,0x00,~OPEN COSMOS~
tartu,2017-05-21T22:39:00Z,2000-10-30T19:11:40Z,0,8.200,0.094,0.125,0.000,-15.000,9.500,11.000,0x00,0x00,0x00,~OPEN COSMOS~
tartu,2017-05-21T22:39:00Z,2000-10-30T19:11:50Z,0,8.250,0.094,0.125,0.000,-15.000,10.000,11.000,0x00,0x00,0x00,~OPEN COSMOS~
tartu,2017-05-21T22:39:00Z,2000-10-30T19:12:10Z,0,8.150,0.126,0.125,0.000,-15.000,9.500,11.000,0x00,0x00,0x00,~OPEN COSMOS~
tartu,2017-05-21T22:39:00Z,2000-10-30T19:12:20Z,0,8.200,0.094,0.125,0.000,-15.000,9.500,11.000,0x00,0x00,0x00,~OPEN COSMOS~
tartu,2017-05-21T22:39:00Z,2000-10-30T19:12:30Z,0,8.150,0.094,0.125,0.000,-15.000,9.500,11.000,0x00,0x00,0x00,~OPEN COSMOS~
tartu,2017-05-21T22:39:00Z,2000-10-30T19:12:40Z,0,8.200,0.094,0.125,0.000,-15.000,9.500,11.000,0x00,0x00,0x00,~OPEN COSMOS~
tartu,2017-05-21T22:39:00Z,2000-10-30T19:12:50Z,0,8.250,0.094,0.125,0.000,-15.000,9.500,11.000,0x00,0x00,0x00,~OPEN COSMOS~
tartu,2017-05-21T22:39:00Z,2000-10-30T19:13:00Z,0,8.250,0.094,0.125,0.000,-15.000,9.500,11.000,0x00,0x00,0x00,~OPEN COSMOS~
tartu,2017-05-21T22:39:00Z,2000-10-30T19:13:10Z,0,8.150,0.126,0.125,0.000,-15.000,10.000,11.000,0x00,0x00,0x00,~OPEN COSMOS~
tartu,2017-05-21T22:39:00Z,2000-10-30T19:13:20Z,0,8.250,0.094,0.125,0.000,-15.000,9.500,11.000,0x00,0x00,0x00,~OPEN COSMOS~
tartu,2017-05-21T22:39:00Z,2000-10-30T19:13:30Z,0,8.200,0.094,0.125,0.000,-15.000,9.500,11.000,0x00,0x00,0x00,~OPEN COSMOS~
tartu,2017-05-21T22:39:00Z,2000-10-30T19:13:40Z,0,8.200,0.094,0.125,0.000,-15.000,9.500,10.000,0x00,0x00,0x00,~OPEN COSMOS~
tartu,2017-05-21T22:39:00Z,2000-10-30T19:14:00Z,0,8.250,0.094,0.125,0.000,-15.000,9.250,10.000,0x00,0x00,0x00,~OPEN COSMOS~
tartu,2017-05-21T22:39:00Z,2000-10-30T19:14:10Z,0,8.250,0.094,0.125,0.000,-15.000,9.250,10.000,0x00,0x00,0x00,~OPEN COSMOS~
tartu,2017-05-21T22:39:00Z,2000-10-30T19:14:20Z,0,8.200,0.094,0.125,0.000,-15.000,9.000,10.000,0x00,0x00,0x00,~OPEN COSMOS~
tartu,2017-05-21T22:39:00Z,2000-10-30T19:14:30Z,0,8.200,0.094,0.125,0.000,-15.000,9.000,10.000,0x00,0x00,0x00,~OPEN COSMOS~
tartu,2017-05-21T22:39:00Z,2000-10-30T19:14:40Z,0,8.250,0.094,0.125,0.000,-15.000,9.000,10.000,0x00,0x00,0x00,~OPEN COSMOS~
tartu,2017-05-21T22:39:00Z,2000-10-30T19:14:50Z,0,8.250,0.094,0.125,0.000,-15.000,9.000,10.000,0x00,0x00,0x00,~OPEN COSMOS~
tartu,2017-05-21T22:39:00Z,2000-10-30T19:15:00Z,0,8.250,0.094,0.125,0.000,-15.000,9.000,10.000,0x00,0x00,0x00,~OPEN COSMOS~
tartu,2017-05-21T22:39:00Z,2000-10-30T19:15:10Z,0,8.200,0.094,0.125,0.000,-15.000,9.000,10.000,0x00,0x00,0x00,~OPEN COSMOS~
tartu,2017-05-21T22:39:00Z,2000-10-30T19:15:20Z,0,8.200,0.094,0.125,0.000,-15.000,8.500,10.000,0x00,0x00,0x00,~OPEN COSMOS~
tartu,2017-05-21T22:39:00Z,2000-10-30T19:15:30Z,0,8.200,0.094,0.125,0.000,-15.000,8.500,10.000,0x00,0x00,0x00,~OPEN COSMOS~
tartu,2017-05-21T22:39:00Z,2000-10-30T19:15:40Z,0,8.250,0.094,0.125,0.000,-15.000,9.000,10.000,0x00,0x00,0x00,~OPEN COSMOS~
tartu,2017-05-21T22:39:00Z,2000-10-30T19:15:50Z,0,8.300,0.094,0.125,0.000,-15.000,9.000,10.000,0x00,0x00,0x00,~OPEN COSMOS~
tartu,2017-05-21T22:39:00Z,2000-10-30T19:16:00Z,0,8.250,0.094,0.125,0.000,-15.000,9.000,10.000,0x00,0x00,0x00,~OPEN COSMOS~
tartu,2017-05-21T22:39:00Z,2000-10-30T19:16:10Z,0,8.250,0.094,0.125,0.000,-15.000,9.000,10.000,0x00,0x00,0x00,~OPEN COSMOS~
tartu,2017-05-21T22:39:00Z,2000-10-30T19:16:20Z,0,8.250,0.094,0.125,0.000,-15.000,9.000,10.000,0x00,0x00,0x00,~OPEN COSMOS~
tartu,2017-05-21T22:39:00Z,2000-10-30T19:16:30Z,0,8.250,0.094,0.125,0.000,-15.000,9.000,10.000,0x00,0x00,0x00,~OPEN COSMOS~
tartu,2017-05-21T22:39:00Z,2000-10-30T19:16:40Z,0,8.250,0.094,0.125,0.000,-15.000,9.000,10.000,0x00,0x00,0x00,~OPEN COSMOS~
tartu,2017-05-21T22:39:00Z,2000-10-30T19:16:50Z,0,8.250,0.094,0.125,0.000,-15.000,9.000,10.000,0x00,0x00,0x00,~OPEN COSMOS~
tartu,2017-05-21T22:39:00Z,2000-10-30T19:17:00Z,0,8.250,0.094,0.125,0.000,-15.000,9.000,10.000,0x00,0x00,0x00,~OPEN COSMOS~
tartu,2017-05-21T22:39:00Z,2000-10-30T19:17:10Z,0,8.250,0.094,0.125,0.000,-15.000,9.000,10.000,0x00,0x00,0x00,~OPEN COSMOS~
tartu,2017-05-21T22:39:00Z,2000-10-30T19:17:30Z,0,8.200,0.079,0.125,0.000,-15.000,9.000,10.000,0x00,0x00,0x00,~OPEN COSMOS~
tartu,2017-05-21T22:39:00Z,2000-10-30T19:17:40Z,0,8.250,0.094,0.125,0.000,-15.000,9.000,10.000,0x00,0x00,0x00,~OPEN COSMOS~
tartu,2017-05-21T22:39:00Z,2000-10-30T19:17:50Z,0,8.300,0.094,0.125,0.000,-15.000,9.000,10.000,0x00,0x00,0x00,~OPEN COSMOS~
tartu,2017-05-21T22:39:00Z,2000-10-30T20:44:10Z,0,8.250,0.094,0.125,0.000,-15.000,8.250,10.000,0x00,0x00,0x00,~OPEN COSMOS~
tartu,2017-05-21T22:39:00Z,2000-10-30T20:44:30Z,0,8.250,0.094,0.125,0.000,-15.000,8.250,10.000,0x00,0x00,0x00,~OPEN COSMOS~
tartu,2017-05-21T22:39:00Z,2000-10-30T20:44:40Z,0,8.250,0.094,0.125,0.000,-15.000,8.250,10.000,0x00,0x00,0x00,~OPEN COSMOS~
tartu,2017-05-21T22:39:00Z,2000-10-30T20:44:50Z,0,8.200,0.094,0.125,0.000,-15.000,8.250,9.000,0x00,0x00,0x00,~OPEN COSMOS~
tartu,2017-05-21T22:39:00Z,2000-10-30T20:45:40Z,0,8.200,0.094,0.125,0.000,-15.000,8.000,9.000,0x00,0x00,0x00,~OPEN COSMOS~
tartu,2017-05-21T22:39:00Z,2000-10-30T20:45:50Z,0,8.250,0.094,0.125,0.000,-15.000,8.000,9.000,0x00,0x00,0x00,~OPEN COSMOS~
tartu,2017-05-21T22:39:00Z,2000-10-30T20:46:20Z,0,8.200,0.094,0.125,0.000,-15.000,8.000,9.000,0x00,0x00,0x00,~OPEN COSMOS~
tartu,2017-05-21T22:39:00Z,2000-10-30T20:46:30Z,0,8.250,0.094,0.125,0.000,-15.000,8.000,9.000,0x00,0x00,0x00,~OPEN COSMOS~
tartu,2017-05-21T22:39:00Z,2000-10-30T20:46:40Z,0,8.300,0.094,0.125,0.000,-15.000,8.250,9.000,0x00,0x00,0x00,~OPEN COSMOS~
tartu,2017-05-21T22:39:00Z,2000-10-30T20:46:50Z,0,8.300,0.094,0.125,0.000,-15.000,8.250,9.000,0x00,0x00,0x00,~OPEN COSMOS~
tartu,2017-05-21T22:39:00Z,2000-10-30T20:47:00Z,0,8.250,0.094,0.125,0.000,-15.000,8.250,9.000,0x00,0x00,0x00,~OPEN COSMOS~
tartu,2017-05-21T22:39:00Z,2000-10-30T20:47:10Z,0,8.250,0.094,0.125,0.000,-15.000,8.250,9.000,0x00,0x00,0x00,~OPEN COSMOS~
tartu,2017-05-21T22:39:00Z,2000-10-30T20:47:30Z,0,8.200,0.126,0.125,0.000,-15.000,8.500,9.000,0x00,0x00,0x00,~OPEN COSMOS~
tartu,2017-05-21T22:39:00Z,2000-10-30T20:47:40Z,0,8.300,0.094,0.125,0.000,-15.000,8.250,9.000,0x00,0x00,0x00,~OPEN COSMOS~
tartu,2017-05-21T22:39:00Z,2000-10-30T20:47:50Z,0,8.250,0.094,0.125,0.000,-15.000,8.250,9.000,0x00,0x00,0x00,~OPEN COSMOS~
tartu,2017-05-21T22:39:00Z,2000-10-30T20:48:00Z,0,8.250,0.094,0.125,0.000,-15.000,8.250,9.000,0x00,0x00,0x00,~OPEN COSMOS~
tartu,2017-05-21T22:39:00Z,2000-10-30T20:48:10Z,0,8.250,0.094,0.125,0.000,-15.000,8.250,9.000,0x00,0x00,0x00,~OPEN COSMOS~
tartu,2017-05-21T22:39:00Z,2000-10-30T20:48:20Z,0,8.300,0.094,0.125,0.000,-15.000,8.250,9.000,0x00,0x00,0x00,~OPEN COSMOS~
tartu,2017-05-21T22:39:00Z,2000-10-30T20:48:40Z,0,8.250,0.094,0.125,0.000,-15.000,8.250,8.000,0x00,0x00,0x00,~OPEN COSMOS~
tartu,2017-05-21T22:39:00Z,2000-10-30T20:48:50Z,0,8.200,0.094,0.125,0.000,-15.000,8.250,8.000,0x00,0x00,0x00,~OPEN COSMOS~
tartu,2017-05-21T22:39:00Z,2000-10-30T20:49:00Z,0,8.250,0.094,0.125,0.000,-15.000,8.250,8.000,0x00,0x00,0x00,~OPEN COSMOS~
tartu,2017-05-21T22:39:00Z,2000-10-30T20:49:10Z,0,8.250,0.094,0.125,0.000,-15.000,8.000,8.000,0x00,0x00,0x00,~OPEN COSMOS~
tartu,2017-05-21T22:39:00Z,2000-10-30T20:49:20Z,0,8.300,0.094,0.125,0.000,-15.000,8.000,8.000,0x00,0x00,0x00,~OPEN COSMOS~
tartu,2017-05-21T22:39:00Z,2000-10-30T20:49:30Z,0,8.250,0.094,0.125,0.000,-15.000,8.000,8.000,0x00,0x00,0x00,~OPEN COSMOS~
tartu,2017-05-21T22:39:00Z,2000-10-30T20:49:50Z,0,8.250,0.094,0.125,0.000,-15.000,8.000,8.000,0x00,0x00,0x00,~OPEN COSMOS~
tartu,2017-05-21T22:39:00Z,2000-10-30T20:50:00Z,0,8.200,0.094,0.125,0.000,-15.000,8.000,8.000,0x00,0x00,0x00,~OPEN COSMOS~
tartu,2017-05-21T22:39:00Z,2000-10-30T20:50:10Z,0,8.200,0.126,0.125,0.000,-15.000,8.500,8.000,0x00,0x00,0x00,~OPEN COSMOS~
tartu,2017-05-21T22:39:00Z,2000-10-30T20:50:20Z,0,8.200,0.126,0.125,0.000,-15.000,8.500,8.000,0x00,0x00,0x00,~OPEN COSMOS~
tartu,2017-05-21T22:39:00Z,2000-10-30T20:50:30Z,0,8.200,0.126,0.125,0.000,-15.000,8.500,8.000,0x00,0x00,0x00,~OPEN COSMOS~
tartu,2017-05-21T22:39:00Z,2000-10-30T20:50:40Z,0,8.200,0.126,0.125,0.000,-15.000,8.500,8.000,0x00,0x00,0x00,~OPEN COSMOS~
tartu,2017-05-21T22:39:00Z,2000-10-30T20:51:00Z,0,8.250,0.094,0.125,0.000,-15.000,8.250,8.000,0x00,0x00,0x00,~OPEN COSMOS~
tartu,2017-05-21T22:39:00Z,2000-10-30T20:51:10Z,0,8.250,0.094,0.125,0.000,-15.000,8.000,8.000,0x00,0x00,0x00,~OPEN COSMOS~
tartu,2017-05-21T22:39:00Z,2000-10-30T20:51:20Z,0,8.250,0.094,0.125,0.000,-15.000,8.000,8.000,0x00,0x00,0x00,~OPEN COSMOS~
tartu,2017-05-21T22:39:00Z,2000-10-30T20:51:30Z,0,8.300,0.094,0.125,0.000,-15.000,8.000,8.000,0x00,0x00,0x00,~OPEN COSMOS~
tartu,2017-05-21T22:39:00Z,2000-10-30T20:51:40Z,0,8.250,0.094,0.125,0.000,-15.000,8.000,8.000,0x00,0x00,0x00,~OPEN COSMOS~
tartu,2017-05-21T22:39:00Z,2000-10-30T20:51:50Z,0,8.200,0.126,0.125,0.000,-15.000,7.500,8.000,0x00,0x00,0x00,~OPEN COSMOS~
tartu,2017-05-21T22:39:00Z,2000-10-30T20:52:10Z,0,8.200,0.126,0.125,0.000,-15.000,8.250,8.000,0x00,0x00,0x00,~OPEN COSMOS~
tartu,2017-05-21T22:39:00Z,2000-10-30T20:52:20Z,0,8.200,0.126,0.125,0.000,-15.000,8.250,8.000,0x00,0x00,0x00,~OPEN COSMOS~
tartu,2017-05-21T22:39:00Z,2000-10-30T20:52:30Z,0,8.200,0.126,0.125,0.000,-15.000,8.250,8.000,0x00,0x00,0x00,~OPEN COSMOS~
tartu,2017-05-21T22:39:00Z,2000-10-30T20:52:40Z,0,8.200,0.094,0.125,0.000,-15.000,8.000,8.000,0x00,0x00,0x00,~OPEN COSMOS~
tartu,2017-05-21T22:39:00Z,2000-10-30T20:52:50Z,0,8.200,0.094,0.125,0.000,-15.000,8.000,8.000,0x00,0x00,0x00,~OPEN COSMOS~
tartu,2017-05-21T22:39:00Z,2000-10-30T20:53:00Z,0,8.200,0.094,0.125,0.000,-15.000,7.500,8.000,0x00,0x00,0x00,~OPEN COSMOS~
tartu,2017-05-21T22:39:00Z,2000-10-30T22:21:20Z,0,8.200,0.079,0.125,0.000,-15.000,11.500,13.000,0x00,0x00,0x00,~OPEN COSMOS~
tartu,2017-05-21T22:39:00Z,2000-10-30T22:21:30Z,0,8.200,0.094,0.125,0.000,-15.000,11.500,13.000,0x00,0x00,0x00,~OPEN COSMOS~
tartu,2017-05-21T22:39:00Z,2000-10-30T22:21:40Z,0,8.200,0.079,0.125,0.000,-15.000,11.500,13.000,0x00,0x00,0x00,~OPEN COSMOS~
tartu,2017-05-21T22:39:00Z,2000-10-30T22:21:50Z,0,8.200,0.079,0.125,0.000,-15.000,11.250,12.000,0x00,0x00,0x00,~OPEN COSMOS~
tartu,2017-05-21T22:39:00Z,2000-10-30T22:22:10Z,0,8.200,0.094,0.125,0.000,-15.000,11.250,12.000,0x00,0x00,0x00,~OPEN COSMOS~
tartu,2017-05-21T22:39:00Z,2000-10-30T22:22:20Z,0,8.200,0.079,0.125,0.000,-15.000,11.250,12.000,0x00,0x00,0x00,~OPEN COSMOS~
tartu,2017-05-21T22:39:00Z,2000-10-30T22:22:30Z,0,8.200,0.094,0.125,0.000,-15.000,11.250,12.000,0x00,0x00,0x00,~OPEN COSMOS~
tartu,2017-05-21T22:39:00Z,2000-10-30T22:22:40Z,0,8.200,0.079,0.125,0.000,-15.000,11.250,12.000,0x00,0x00,0x00,~OPEN COSMOS~
tartu,2017-05-21T22:39:00Z,2000-10-30T22:22:50Z,0,8.200,0.079,0.125,0.000,-15.000,11.250,12.000,0x00,0x00,0x00,~OPEN COSMOS~
tartu,2017-05-21T22:39:00Z,2000-10-30T22:23:00Z,0,8.200,0.079,0.125,0.000,-15.000,11.250,12.000,0x00,0x00,0x00,~OPEN COSMOS~
tartu,2017-05-21T22:39:00Z,2000-10-30T22:23:20Z,0,8.200,0.079,0.125,0.000,-15.000,11.250,12.000,0x00,0x00,0x00,~OPEN COSMOS~
tartu,2017-05-21T22:39:00Z,2000-10-30T22:23:30Z,0,8.200,0.079,0.125,0.000,-15.000,11.250,12.000,0x00,0x00,0x00,~OPEN COSMOS~
tartu,2017-05-21T22:39:00Z,2000-10-30T22:23:40Z,0,8.200,0.079,0.125,0.000,-15.000,11.250,12.000,0x00,0x00,0x00,~OPEN COSMOS~
tartu,2017-05-21T22:39:00Z,2000-10-30T22:23:50Z,0,8.200,0.094,0.125,0.000,-15.000,11.500,12.000,0x00,0x00,0x00,~OPEN COSMOS~
tartu,2017-05-21T22:39:00Z,2000-10-30T22:24:00Z,0,8.200,0.094,0.125,0.000,-15.000,11.500,12.000,0x00,0x00,0x00,~OPEN COSMOS~
tartu,2017-05-21T22:39:00Z,2000-10-30T22:24:30Z,0,8.250,0.094,0.125,0.000,-15.000,11.500,12.000,0x00,0x00,0x00,~OPEN COSMOS~
tartu,2017-05-21T22:39:00Z,2000-10-30T22:24:40Z,0,8.250,0.094,0.125,0.000,-15.000,12.000,12.000,0x00,0x00,0x00,~OPEN COSMOS~
tartu,2017-05-21T22:39:00Z,2000-10-30T22:24:50Z,0,8.250,0.094,0.125,0.000,-15.000,12.250,12.000,0x00,0x00,0x00,~OPEN COSMOS~
tartu,2017-05-21T22:39:00Z,2000-10-30T22:25:10Z,0,8.300,0.094,0.125,0.000,-15.000,12.250,12.000,0x00,0x00,0x00,~OPEN COSMOS~
tartu,2017-05-21T22:39:00Z,2000-10-30T22:25:20Z,0,8.300,0.094,0.125,0.000,-15.000,12.250,12.000,0x00,0x00,0x00,~OPEN COSMOS~
tartu,2017-05-21T22:39:00Z,2000-10-30T22:25:30Z,0,8.250,0.094,0.125,0.000,-15.000,12.250,12.000,0x00,0x00,0x00,~OPEN COSMOS~
tartu,2017-05-21T22:39:00Z,2000-10-30T22:25:40Z,0,8.300,0.094,0.125,0.000,-15.000,12.250,12.000,0x00,0x00,0x00,~OPEN COSMOS~
tartu,2017-05-21T22:39:00Z,2000-10-30T22:25:50Z,0,8.300,0.094,0.125,0.000,-15.000,12.250,12.000,0x00,0x00,0x00,~OPEN COSMOS~
tartu,2017-05-21T22:39:00Z,2000-10-30T22:26:00Z,0,8.250,0.094,0.125,0.000,-15.000,12.250,12.000,0x00,0x00,0x00,~OPEN COSMOS~
tartu,2017-05-21T22:39:00Z,2000-10-30T22:26:20Z,0,8.250,0.094,0.125,0.000,-15.000,12.000,12.000,0x00,0x00,0x00,~OPEN COSMOS~
tartu,2017-05-22T19:57:00Z,2000-10-31T15:05:40Z,0,8.150,0.079,0.125,0.000,-15.000,18.000,19.000,0x00,0x00,0x00,~OPEN COSMOS~
tartu,2017-05-22T19:57:00Z,2000-10-31T15:05:50Z,0,8.150,0.079,0.125,0.000,-15.000,18.000,19.000,0x00,0x00,0x00,~OPEN COSMOS~
tartu,2017-05-22T19:57:00Z,2000-10-31T15:06:00Z,0,8.150,0.079,0.125,0.000,-15.000,18.000,19.000,0x00,0x00,0x00,~OPEN COSMOS~
tartu,2017-05-22T19:57:00Z,2000-10-31T15:06:10Z,0,8.150,0.079,0.125,0.000,-15.000,17.500,19.000,0x00,0x00,0x00,~OPEN COSMOS~
tartu,2017-05-22T19:57:00Z,2000-10-31T15:06:20Z,0,8.150,0.079,0.125,0.000,-15.000,17.500,19.000,0x00,0x00,0x00,~OPEN COSMOS~
tartu,2017-05-22T19:57:00Z,2000-10-31T15:06:30Z,0,8.150,0.079,0.125,0.000,-15.000,17.500,19.000,0x00,0x00,0x00,~OPEN COSMOS~
tartu,2017-05-22T19:57:00Z,2000-10-31T15:06:50Z,0,8.150,0.079,0.125,0.000,-15.000,17.500,19.000,0x00,0x00,0x00,~OPEN COSMOS~
tartu,2017-05-22T19:57:00Z,2000-10-31T15:07:00Z,0,8.150,0.079,0.125,0.000,-15.000,17.500,19.000,0x00,0x00,0x00,~OPEN COSMOS~
tartu,2017-05-22T19:57:00Z,2000-10-31T15:07:10Z,0,8.150,0.079,0.125,0.000,-15.000,17.500,19.000,0x00,0x00,0x00,~OPEN COSMOS~
tartu,2017-05-22T19:57:00Z,2000-10-31T15:07:20Z,0,8.150,0.079,0.125,0.000,-15.000,17.250,19.000,0x00,0x00,0x00,~OPEN COSMOS~
tartu,2017-05-22T19:57:00Z,2000-10-31T15:07:30Z,0,8.150,0.079,0.125,0.000,-15.000,17.250,19.000,0x00,0x00,0x00,~OPEN COSMOS~
tartu,2017-05-22T19:57:00Z,2000-10-31T15:07:40Z,0,8.150,0.079,0.125,0.000,-15.000,17.250,19.000,0x00,0x00,0x00,~OPEN COSMOS~
tartu,2017-05-22T19:57:00Z,2000-10-31T15:08:00Z,0,8.150,0.079,0.125,0.000,-15.000,17.000,18.000,0x00,0x00,0x00,~OPEN COSMOS~
tartu,2017-05-22T19:57:00Z,2000-10-31T15:08:10Z,0,8.150,0.079,0.125,0.000,-15.000,17.000,18.000,0x00,0x00,0x00,~OPEN COSMOS~
tartu,2017-05-22T19:57:00Z,2000-10-31T15:08:20Z,0,8.150,0.079,0.125,0.000,-15.000,16.500,18.000,0x00,0x00,0x00,~OPEN COSMOS~
tartu,2017-05-22T19:57:00Z,2000-10-31T15:08:30Z,0,8.150,0.079,0.125,0.000,-15.000,16.500,18.000,0x00,0x00,0x00,~OPEN COSMOS~
tartu,2017-05-22T19:57:00Z,2000-10-31T15:08:40Z,0,8.150,0.079,0.125,0.000,-15.000,16.500,18.000,0x00,0x00,0x00,~OPEN COSMOS~
tartu,2017-05-22T19:57:00Z,2000-10-31T15:08:50Z,0,8.150,0.079,0.125,0.000,-15.000,16.500,18.000,0x00,0x00,0x00,~OPEN COSMOS~
tartu,2017-05-22T19:57:00Z,2000-10-31T15:09:10Z,0,8.150,0.079,0.125,0.000,-15.000,16.500,18.000,0x00,0x00,0x00,~OPEN COSMOS~
tartu,2017-05-22T19:57:00Z,2000-10-31T15:09:20Z,0,8.150,0.079,0.125,0.000,-15.000,16.250,18.000,0x00,0x00,0x00,~OPEN COSMOS~
tartu,2017-05-22T19:57:00Z,2000-10-31T15:09:30Z,0,8.150,0.079,0.125,0.000,-15.000,16.250,18.000,0x00,0x00,0x00,~OPEN COSMOS~
tartu,2017-05-22T19:57:00Z,2000-10-31T15:09:50Z,0,8.150,0.079,0.125,0.000,-15.000,16.250,18.000,0x00,0x00,0x00,~OPEN COSMOS~
tartu,2017-05-22T19:57:00Z,2000-10-31T15:10:00Z,0,8.150,0.079,0.125,0.000,-15.000,16.000,18.000,0x00,0x00,0x00,~OPEN COSMOS~
tartu,2017-05-22T19:57:00Z,2000-10-31T15:10:10Z,0,8.150,0.079,0.125,0.000,-15.000,16.000,18.000,0x00,0x00,0x00,~OPEN COSMOS~
tartu,2017-05-22T19:57:00Z,2000-10-31T15:10:20Z,0,8.150,0.079,0.125,0.000,-15.000,16.000,18.000,0x00,0x00,0x00,~OPEN COSMOS~
tartu,2017-05-22T19:57:00Z,2000-10-31T15:10:30Z,0,8.150,0.079,0.125,0.000,-15.000,15.500,17.000,0x00,0x00,0x00,~OPEN COSMOS~
tartu,2017-05-22T19:57:00Z,2000-10-31T15:10:40Z,0,8.150,0.079,0.125,0.000,-15.000,15.500,17.000,0x00,0x00,0x00,~OPEN COSMOS~
tartu,2017-05-22T19:57:00Z,2000-10-31T15:11:00Z,0,8.150,0.079,0.125,0.000,-15.000,15.500,17.000,0x00,0x00,0x00,~OPEN COSMOS~
tartu,2017-05-22T19:57:00Z,2000-10-31T15:11:10Z,0,8.150,0.079,0.125,0.000,-15.000,15.500,17.000,0x00,0x00,0x00,~OPEN COSMOS~
tartu,2017-05-22T19:57:00Z,2000-10-31T15:11:20Z,0,8.150,0.079,0.125,0.000,-15.000,15.500,17.000,0x00,0x00,0x00,~OPEN COSMOS~
tartu,2017-05-22T19:57:00Z,2000-10-31T15:11:30Z,0,8.150,0.079,0.125,0.000,-15.000,15.250,17.000,0x00,0x00,0x00,~OPEN COSMOS~
tartu,2017-05-22T19:57:00Z,2000-10-31T15:11:40Z,0,8.150,0.079,0.125,0.000,-15.000,15.250,17.000,0x00,0x00,0x00,~OPEN COSMOS~
tartu,2017-05-22T19:57:00Z,2000-10-31T15:11:50Z,0,8.200,0.079,0.125,0.000,-15.000,15.250,17.000,0x00,0x00,0x00,~OPEN COSMOS~
tartu,2017-05-22T19:57:00Z,2000-10-31T15:12:00Z,0,8.200,0.094,0.125,0.000,-15.000,15.250,17.000,0x00,0x00,0x00,~OPEN COSMOS~
tartu,2017-05-22T19:57:00Z,2000-10-31T15:12:10Z,0,8.200,0.079,0.125,0.000,-15.000,15.500,17.000,0x00,0x00,0x00,~OPEN COSMOS~
tartu,2017-05-22T19:57:00Z,2000-10-31T15:12:20Z,0,8.200,0.079,0.125,0.000,-15.000,15.500,17.000,0x00,0x00,0x00,~OPEN COSMOS~
tartu,2017-05-22T19:57:00Z,2000-10-31T15:12:30Z,0,8.200,0.079,0.125,0.000,-15.000,15.000,17.000,0x00,0x00,0x00,~OPEN COSMOS~
tartu,2017-05-22T19:57:00Z,2000-10-31T15:12:40Z,0,8.200,0.079,0.125,0.000,-15.000,15.000,17.000,0x00,0x00,0x00,~OPEN COSMOS~
opencosmos,2017-05-17T06:05:15Z,2000-10-30T02:48:41Z,0,8.200,0.094,0.125,0.000,-15.000,1.000,2.000,0x00,0x00,0x00,~OPEN COSMOS~
opencosmos,2017-05-18T23:26:36Z,2000-10-31T20:10:21Z,0,8.150,0.094,0.125,0.000,-15.000,8.000,9.000,0x00,0x00,0x00,~OPEN COSMOS~
opencosmos,2017-05-18T23:26:46Z,2000-10-31T20:10:31Z,0,8.150,0.094,0.125,0.000,-15.000,7.500,9.000,0x00,0x00,0x00,~OPEN COSMOS~
opencosmos,2017-05-19T21:03:49Z,2000-10-30T16:57:00Z,0,8.150,0.094,0.125,0.000,-15.000,7.000,8.000,0x00,0x00,0x00,~OPEN COSMOS~
opencosmos,2017-05-19T21:05:09Z,2000-10-30T16:58:20Z,0,8.150,0.094,0.125,0.000,-15.000,6.000,8.000,0x00,0x00,0x00,~OPEN COSMOS~
opencosmos,2017-05-19T22:34:49Z,2000-10-30T18:28:00Z,0,8.150,0.079,0.125,0.000,-15.000,10.250,12.000,0x00,0x00,0x00,~OPEN COSMOS~
opencosmos,2017-05-19T22:34:59Z,2000-10-30T18:28:10Z,0,8.150,0.079,0.125,0.000,-15.000,10.000,12.000,0x00,0x00,0x00,~OPEN COSMOS~
opencosmos,2017-05-19T22:35:09Z,2000-10-30T18:28:20Z,0,8.150,0.079,0.125,0.000,-15.000,10.000,12.000,0x00,0x00,0x00,~OPEN COSMOS~
opencosmos,2017-05-19T22:37:39Z,2000-10-30T18:30:50Z,0,8.150,0.079,0.125,0.000,-15.000,8.500,11.000,0x00,0x00,0x00,~OPEN COSMOS~
opencosmos,2017-05-19T22:38:48Z,2000-10-30T18:32:00Z,0,8.150,0.094,0.125,0.000,-15.000,8.000,10.000,0x00,0x00,0x00,~OPEN COSMOS~
opencosmos,2017-05-19T22:38:58Z,2000-10-30T18:32:10Z,0,8.150,0.094,0.125,0.000,-15.000,8.000,10.000,0x00,0x00,0x00,~OPEN COSMOS~
opencosmos,2017-05-19T22:39:18Z,2000-10-30T18:32:30Z,0,8.150,0.079,0.125,0.000,-15.000,8.000,10.000,0x00,0x00,0x00,~OPEN COSMOS~
opencosmos,2017-05-19T22:41:38Z,2000-10-30T18:34:50Z,0,8.250,0.094,0.125,0.000,-15.000,7.000,8.000,0x00,0x00,0x00,~OPEN COSMOS~
opencosmos,2017-05-19T22:41:48Z,2000-10-30T18:35:00Z,0,8.250,0.094,0.125,0.000,-15.000,7.000,8.000,0x00,0x00,0x00,~OPEN COSMOS~
opencosmos,2017-05-19T22:41:58Z,2000-10-30T18:35:10Z,0,8.250,0.094,0.125,0.000,-15.000,6.500,8.000,0x00,0x00,0x00,~OPEN COSMOS~
opencosmos,2017-05-19T22:42:08Z,2000-10-30T18:35:20Z,0,8.250,0.094,0.125,0.000,-15.000,6.500,8.000,0x00,0x00,0x00,~OPEN COSMOS~
opencosmos,2017-05-19T22:42:18Z,2000-10-30T18:35:30Z,0,8.200,0.094,0.125,0.000,-15.000,6.500,8.000,0x00,0x00,0x00,~OPEN COSMOS~
opencosmos,2017-05-19T22:42:38Z,2000-10-30T18:35:50Z,0,8.200,0.094,0.125,0.000,-15.000,6.500,8.000,0x00,0x00,0x00,~OPEN COSMOS~
opencosmos,2017-05-19T22:42:58Z,2000-10-30T18:36:10Z,0,8.200,0.094,0.125,0.000,-15.000,6.500,8.000,0x00,0x00,0x00,~OPEN COSMOS~
opencosmos,2017-05-19T22:43:08Z,2000-10-30T18:36:20Z,0,8.200,0.094,0.125,0.000,-15.000,6.500,8.000,0x00,0x00,0x00,~OPEN COSMOS~
opencosmos,2017-05-19T22:43:18Z,2000-10-30T18:36:30Z,0,8.200,0.094,0.125,0.000,-15.000,6.250,8.000,0x00,0x00,0x00,~OPEN COSMOS~
opencosmos,2017-05-19T22:43:28Z,2000-10-30T18:36:40Z,0,8.250,0.094,0.125,0.000,-15.000,6.250,8.000,0x00,0x00,0x00,~OPEN COSMOS~
opencosmos,2017-05-19T22:43:38Z,2000-10-30T18:36:50Z,0,8.250,0.094,0.125,0.000,-15.000,6.250,8.000,0x00,0x00,0x00,~OPEN COSMOS~
opencosmos,2017-05-19T22:43:48Z,2000-10-30T18:37:00Z,0,8.200,0.094,0.125,0.000,-15.000,6.000,8.000,0x00,0x00,0x00,~OPEN COSMOS~
opencosmos,2017-05-19T22:43:58Z,2000-10-30T18:37:10Z,0,8.200,0.094,0.125,0.000,-15.000,6.000,7.000,0x00,0x00,0x00,~OPEN COSMOS~
opencosmos,2017-05-19T22:44:08Z,2000-10-30T18:37:20Z,0,8.250,0.094,0.125,0.000,-15.000,6.000,7.000,0x00,0x00,0x00,~OPEN COSMOS~
opencosmos,2017-05-19T22:44:18Z,2000-10-30T18:37:30Z,0,8.250,0.094,0.125,0.000,-15.000,6.000,7.000,0x00,0x00,0x00,~OPEN COSMOS~
opencosmos,2017-05-19T22:44:28Z,2000-10-30T18:37:40Z,0,8.200,0.094,0.125,0.000,-15.000,5.500,7.000,0x00,0x00,0x00,~OPEN COSMOS~
opencosmos,2017-05-20T05:01:46Z,2000-10-31T00:55:00Z,0,8.300,0.094,0.125,0.000,-15.000,2.500,4.000,0x00,0x00,0x00,~OPEN COSMOS~
opencosmos,2017-05-20T05:01:56Z,2000-10-31T00:55:10Z,0,8.300,0.094,0.125,0.000,-15.000,2.500,4.000,0x00,0x00,0x00,~OPEN COSMOS~
opencosmos,2017-05-20T05:02:06Z,2000-10-31T00:55:20Z,0,8.250,0.094,0.125,0.000,-15.000,2.500,4.000,0x00,0x00,0x00,~OPEN COSMOS~
opencosmos,2017-05-20T05:02:16Z,2000-10-31T00:55:30Z,0,8.300,0.094,0.125,0.000,-15.000,3.000,4.000,0x00,0x00,0x00,~OPEN COSMOS~
opencosmos,2017-05-20T05:02:26Z,2000-10-31T00:55:40Z,0,8.300,0.094,0.125,0.000,-15.000,3.000,4.000,0x00,0x00,0x00,~OPEN COSMOS~
opencosmos,2017-05-20T05:02:36Z,2000-10-31T00:55:50Z,0,8.250,0.094,0.125,0.000,-15.000,2.500,4.000,0x00,0x00,0x00,~OPEN COSMOS~
opencosmos,2017-05-20T05:02:46Z,2000-10-31T00:56:00Z,0,8.250,0.094,0.125,0.000,-15.000,2.500,4.000,0x00,0x00,0x00,~OPEN COSMOS~
opencosmos,2017-05-20T05:03:06Z,2000-10-31T00:56:20Z,0,8.300,0.094,0.125,0.000,-15.000,3.000,4.000,0x00,0x00,0x00,~OPEN COSMOS~
opencosmos,2017-05-20T05:03:16Z,2000-10-31T00:56:30Z,0,8.250,0.094,0.125,0.000,-15.000,3.000,4.000,0x00,0x00,0x00,~OPEN COSMOS~
opencosmos,2017-05-20T05:03:26Z,2000-10-31T00:56:40Z,0,8.300,0.094,0.125,0.000,-15.000,2.500,4.000,0x00,0x00,0x00,~OPEN COSMOS~
opencosmos,2017-05-20T05:03:36Z,2000-10-31T00:56:50Z,0,8.250,0.094,0.125,0.000,-15.000,2.500,4.000,0x00,0x00,0x00,~OPEN COSMOS~
opencosmos,2017-05-20T05:03:46Z,2000-10-31T00:57:00Z,0,8.300,0.094,0.125,0.000,-15.000,2.500,4.000,0x00,0x00,0x00,~OPEN COSMOS~
opencosmos,2017-05-20T05:03:56Z,2000-10-31T00:57:10Z,0,8.300,0.094,0.125,0.000,-15.000,3.000,4.000,0x00,0x00,0x00,~OPEN COSMOS~
opencosmos,2017-05-20T05:04:06Z,2000-10-31T00:57:20Z,0,8.300,0.094,0.125,0.000,-15.000,3.000,3.000,0x00,0x00,0x00,~OPEN COSMOS~
opencosmos,2017-05-20T05:04:16Z,2000-10-31T00:57:30Z,0,8.300,0.094,0.125,0.000,-15.000,3.000,3.000,0x00,0x00,0x00,~OPEN COSMOS~
opencosmos,2017-05-20T05:04:26Z,2000-10-31T00:57:40Z,0,8.250,0.094,0.125,0.000,-15.000,2.500,3.000,0x00,0x00,0x00,~OPEN COSMOS~
opencosmos,2017-05-20T05:04:36Z,2000-10-31T00:57:50Z,0,8.300,0.094,0.125,0.000,-15.000,2.500,3.000,0x00,0x00,0x00,~OPEN COSMOS~
opencosmos,2017-05-20T21:40:18Z,2000-10-31T17:33:40Z,0,8.150,0.079,0.125,0.000,-15.000,14.500,16.000,0x00,0x00,0x00,~OPEN COSMOS~
opencosmos,2017-05-20T21:40:58Z,2000-10-31T17:34:20Z,0,8.150,0.079,0.125,0.000,-15.000,14.250,16.000,0x00,0x00,0x00,~OPEN COSMOS~
opencosmos,2017-05-20T21:41:08Z,2000-10-31T17:34:30Z,0,8.150,0.079,0.125,0.000,-15.000,14.000,16.000,0x00,0x00,0x00,~OPEN COSMOS~
opencosmos,2017-05-20T21:41:18Z,2000-10-31T17:34:40Z,0,8.150,0.079,0.125,0.000,-15.000,14.000,16.000,0x00,0x00,0x00,~OPEN COSMOS~
opencosmos,2017-05-20T21:41:28Z,2000-10-31T17:34:50Z,0,8.150,0.079,0.125,0.000,-15.000,14.000,16.000,0x00,0x00,0x00,~OPEN COSMOS~
opencosmos,2017-05-20T21:41:48Z,2000-10-31T17:35:10Z,0,8.150,0.079,0.125,0.000,-15.000,14.000,16.000,0x00,0x00,0x00,~OPEN COSMOS~
opencosmos,2017-05-20T21:41:58Z,2000-10-31T17:35:20Z,0,8.150,0.079,0.125,0.000,-15.000,14.000,15.000,0x00,0x00,0x00,~OPEN COSMOS~
opencosmos,2017-05-20T21:42:08Z,2000-10-31T17:35:30Z,0,8.150,0.079,0.125,0.000,-15.000,13.500,15.000,0x00,0x00,0x00,~OPEN COSMOS~
opencosmos,2017-05-20T21:42:18Z,2000-10-31T17:35:40Z,0,8.150,0.079,0.125,0.000,-15.000,13.250,15.000,0x00,0x00,0x00,~OPEN COSMOS~
opencosmos,2017-05-20T21:42:38Z,2000-10-31T17:36:00Z,0,8.150,0.079,0.125,0.000,-15.000,13.250,15.000,0x00,0x00,0x00,~OPEN COSMOS~
opencosmos,2017-05-20T21:43:18Z,2000-10-31T17:36:40Z,0,8.150,0.079,0.125,0.000,-15.000,13.000,15.000,0x00,0x00,0x00,~OPEN COSMOS~
opencosmos,2017-05-20T21:43:38Z,2000-10-31T17:37:00Z,0,8.150,0.079,0.125,0.000,-15.000,13.000,15.000,0x00,0x00,0x00,~OPEN COSMOS~
opencosmos,2017-05-20T23:17:17Z,2000-10-31T19:10:40Z,0,8.150,0.079,0.125,0.000,-15.000,11.250,13.000,0x00,0x00,0x00,~OPEN COSMOS~
opencosmos,2017-05-20T23:17:27Z,2000-10-31T19:10:50Z,0,8.150,0.079,0.125,0.000,-15.000,11.000,13.000,0x00,0x00,0x00,~OPEN COSMOS~
opencosmos,2017-05-20T23:17:37Z,2000-10-31T19:11:00Z,0,8.150,0.079,0.125,0.000,-15.000,11.000,13.000,0x00,0x00,0x00,~OPEN COSMOS~
opencosmos,2017-05-20T23:18:27Z,2000-10-31T19:11:50Z,0,8.150,0.079,0.125,0.000,-15.000,10.250,12.000,0x00,0x00,0x00,~OPEN COSMOS~
opencosmos,2017-05-20T23:18:37Z,2000-10-31T19:12:00Z,0,8.150,0.079,0.125,0.000,-15.000,10.250,12.000,0x00,0x00,0x00,~OPEN COSMOS~
opencosmos,2017-05-20T23:18:57Z,2000-10-31T19:12:20Z,0,8.150,0.079,0.125,0.000,-15.000,10.250,12.000,0x00,0x00,0x00,~OPEN COSMOS~
opencosmos,2017-05-20T23:19:07Z,2000-10-31T19:12:30Z,0,8.150,0.079,0.125,0.000,-15.000,10.250,12.000,0x00,0x00,0x00,~OPEN COSMOS~
opencosmos,2017-05-20T23:19:27Z,2000-10-31T19:12:50Z,0,8.150,0.079,0.125,0.000,-15.000,10.000,12.000,0x00,0x00,0x00,~OPEN COSMOS~
opencosmos,2017-05-20T23:19:37Z,2000-10-31T19:13:00Z,0,8.150,0.079,0.125,0.000,-15.000,10.000,12.000,0x00,0x00,0x00,~OPEN COSMOS~
opencosmos,2017-05-22T03:16:54Z,2000-10-30T22:23:00Z,0,8.200,0.079,0.125,0.000,-15.000,11.250,12.000,0x00,0x00,0x00,~OPEN COSMOS~
opencosmos,2017-05-23T20:39:20Z,2000-11-01T15:45:45Z,0,8.200,0.079,0.125,0.000,-15.000,27.500,27.000,0x00,0x00,0x00,~OPEN COSMOS~
opencosmos,2017-05-23T22:15:54Z,2000-11-01T17:22:20Z,0,8.250,0.079,0.125,0.000,-15.000,25.500,26.000,0x00,0x00,0x00,~OPEN COSMOS~
opencosmos,2017-05-23T22:16:04Z,2000-11-01T17:22:30Z,0,8.250,0.079,0.125,0.000,-15.000,26.000,26.000,0x00,0x00,0x00,~OPEN COSMOS~
opencosmos,2017-05-23T22:16:09Z,2000-11-01T17:22:35Z,0,8.200,0.079,0.125,0.000,-15.000,25.500,26.000,0x00,0x00,0x00,~OPEN COSMOS~
opencosmos,2017-05-23T22:16:14Z,2000-11-01T17:22:40Z,0,8.200,0.079,0.125,0.000,-15.000,25.500,26.000,0x00,0x00,0x00,~OPEN COSMOS~
opencosmos,2017-05-23T22:16:19Z,2000-11-01T17:22:45Z,0,8.200,0.079,0.125,0.000,-15.000,25.250,26.000,0x00,0x00,0x00,~OPEN COSMOS~
opencosmos,2017-05-23T22:16:24Z,2000-11-01T17:22:50Z,0,8.200,0.079,0.125,0.000,-15.000,25.250,26.000,0x00,0x00,0x00,~OPEN COSMOS~
opencosmos,2017-05-25T02:14:12Z,2000-11-02T21:20:50Z,0,8.200,0.118,0.125,0.000,-15.000,28.500,29.000,0x00,0x00,0x00,~OPEN COSMOS~
opencosmos,2017-05-26T19:36:20Z,2000-10-30T18:44:00Z,0,8.200,0.118,0.125,0.000,-15.000,30.250,31.000,0x00,0x00,0x00,~OPEN COSMOS~
opencosmos,2017-05-26T19:36:40Z,2000-10-30T18:44:20Z,0,8.200,0.118,0.125,0.000,-15.000,30.250,31.000,0x00,0x00,0x00,~OPEN COSMOS~
opencosmos,2017-05-26T19:36:50Z,2000-10-30T18:44:30Z,0,8.200,0.118,0.125,0.000,-15.000,30.250,31.000,0x00,0x00,0x00,~OPEN COSMOS~
opencosmos,2017-05-26T21:12:50Z,2000-10-30T20:20:30Z,0,8.150,0.118,0.125,0.000,-15.000,30.000,30.000,0x00,0x00,0x00,~OPEN COSMOS~
opencosmos,2017-05-26T21:13:00Z,2000-10-30T20:20:40Z,0,8.250,0.079,0.125,0.000,-15.000,29.500,30.000,0x00,0x00,0x00,~OPEN COSMOS~
opencosmos,2017-05-26T21:13:10Z,2000-10-30T20:20:50Z,0,8.250,0.079,0.125,0.000,-15.000,30.000,30.000,0x00,0x00,0x00,~OPEN COSMOS~
opencosmos,2017-05-26T21:13:20Z,2000-10-30T20:21:00Z,0,8.250,0.079,0.125,0.000,-15.000,30.000,30.000,0x00,0x00,0x00,~OPEN COSMOS~
